video_id,influencer_type,engagement_source,video_engagement_rate,comment_count
7365336124853701930,ai,ai_raw_video_dataset,0.08148113636363637,442
6857638022805032197,ai,ai_raw_video_dataset,0.15248674242424243,195
7554390439604833558,ai,ai_raw_video_dataset,0.04468166849615807,157
7570044801970720031,ai,ai_raw_video_dataset,0.05893545454545455,80
7511816260028714286,ai,ai_raw_video_dataset,0.00554,62
7314430173691055406,ai,ai_raw_video_dataset,0.019612,55
7511376567344303402,ai,ai_raw_video_dataset,0.004149419485108531,54
7559172730050940182,ai,ai_raw_video_dataset,0.05997471554993679,54
7351107714254114091,ai,ai_raw_video_dataset,0.011844402277039848,49
7547769174534262071,ai,ai_raw_video_dataset,0.00352,35
7532537144246586637,ai,ai_raw_video_dataset,0.0077314814814814815,32
7561526909234990391,ai,ai_raw_video_dataset,0.005594059405940594,29
7573665976961633538,ai,ai_raw_video_dataset,0.1272327562517175,23
7545462497394953474,ai,ai_raw_video_dataset,0.0815748031496063,15
7544023587599158530,ai,ai_raw_video_dataset,0.10038610038610038,14
7532074246315494678,ai,ai_raw_video_dataset,0.08869106495219255,13
7551387599361805590,ai,ai_raw_video_dataset,0.07669831994156319,13
7553674057238056205,ai,ai_raw_video_dataset,0.006770164787510842,13
7532463493098900758,ai,ai_raw_video_dataset,0.09486238532110092,12
7575156729093033238,ai,ai_raw_video_dataset,0.06103151862464183,12
7557086176969067789,ai,ai_raw_video_dataset,0.0025220204925399965,11
7565916852321275150,ai,ai_raw_video_dataset,0.010083713850837138,11
7590435621575904526,ai,ai_raw_video_dataset,0.004978131212723658,11
7499948772949052703,ai,ai_raw_video_dataset,0.004232381451401624,10
7515164038700125486,ai,ai_raw_video_dataset,0.0014542857142857144,10
7538812930855308566,ai,ai_raw_video_dataset,0.09725906277630415,10
7517686652374977847,ai,ai_raw_video_dataset,0.00142,9
7544422711519382806,ai,ai_raw_video_dataset,0.055335097001763665,7
7551930939279019286,ai,ai_raw_video_dataset,0.1037037037037037,7
7531434937229053206,ai,ai_raw_video_dataset,0.08583149258441149,5
7468875175799524654,ai,ai_raw_video_dataset,0.004768518518518518,4
7468434752580865326,ai,ai_raw_video_dataset,0.003567251461988304,3
7517679263798103309,ai,ai_raw_video_dataset,0.010832967354706485,3
7545906462413901078,ai,ai_raw_video_dataset,0.08993981083404987,3
7599755814374477087,ai,ai_raw_video_dataset,0.007969924812030075,2
7462197167428603179,ai,ai_raw_video_dataset,0.008481421647819063,1
7129589619099847982,ai,combined_video_dataset,0.12076568,1941
7571215492359245111,real,combined_video_dataset,0.0870747368421052,1928
7586650207677418766,real,combined_video_dataset,0.0290069407367859,1656
7027954993026190598,ai,combined_video_dataset,0.1074497709923664,1452
7068736017146268974,ai,combined_video_dataset,0.0799574736842105,1117
7539388300373658882,real,combined_video_dataset,0.0540560869565217,934
7063545368272784686,ai,combined_video_dataset,0.1614980459770115,866
6988896764241693958,ai,combined_video_dataset,0.042538596491228,628
7581694631000182030,real,combined_video_dataset,0.0447325974025974,527
7091167548951039234,ai,combined_video_dataset,0.0779916666666666,499
7536387474642324758,real,combined_video_dataset,0.0378998670801949,486
7577086972745813262,real,combined_video_dataset,0.0223255813953488,405
7588992707582758158,real,combined_video_dataset,0.087728804421081,394
7515933454010191150,ai,combined_video_dataset,0.1861010588392976,384
7459923178039856430,real,combined_video_dataset,0.0958944444444444,376
7544551269566827789,real,combined_video_dataset,0.0329575228265184,357
7587127768215719182,real,combined_video_dataset,0.059047987616099,354
7589763926422801678,real,combined_video_dataset,0.1219240506329114,343
7542706910147972374,real,combined_video_dataset,0.0458897071416338,287
7576722312632732941,real,combined_video_dataset,0.2472928429726842,286
7109034472296762626,ai,combined_video_dataset,0.1490505882352941,285
7541201206522268950,real,combined_video_dataset,0.0419427148194271,282
7021870483289230593,ai,combined_video_dataset,0.1331744047619047,271
7544937254771346743,real,combined_video_dataset,0.1500111111111111,258
7093927006533946667,ai,combined_video_dataset,0.0261652631578947,253
7491713457146875158,real,combined_video_dataset,0.0731637717121588,250
7061690918969085230,ai,combined_video_dataset,0.0776366288856469,248
7086905112345562410,ai,combined_video_dataset,0.0864618486681523,235
7569648383380425997,real,combined_video_dataset,0.0594260136914165,230
7540098051357117718,real,combined_video_dataset,0.0905571327182398,226
7097296910565788971,ai,combined_video_dataset,0.0142852631578947,223
7498003490615184682,real,combined_video_dataset,0.1200372972972973,218
7081718655926422826,ai,combined_video_dataset,0.0453811303658398,214
7517913347971353878,real,combined_video_dataset,0.093090909090909,203
7089937848161373483,ai,combined_video_dataset,0.098314,200
7501425734402018591,ai,combined_video_dataset,0.0313015789473684,197
7578689775440317710,real,combined_video_dataset,0.0481538461538461,173
7467249232857025835,ai,combined_video_dataset,0.0114937483373237,172
7134748542215769387,ai,combined_video_dataset,0.04090882567469,167
7515962835751685422,ai,combined_video_dataset,0.1286768421052631,159
7571971620856794381,real,combined_video_dataset,0.0592736486486486,159
7104209958211783937,ai,combined_video_dataset,0.1142581621621621,157
7537627596612324630,real,combined_video_dataset,0.0359965981134993,149
7064671029658029358,ai,combined_video_dataset,0.0648676373262739,139
7543414216791837974,real,combined_video_dataset,0.0450451535219747,139
7585051426884177207,real,combined_video_dataset,0.1487513340448239,133
7519268813393693966,real,combined_video_dataset,0.1917800131204898,124
7073561622878555438,ai,combined_video_dataset,0.0532309746328437,122
7543065531541163278,real,combined_video_dataset,0.0568916518650088,119
7573527601692626189,real,combined_video_dataset,0.0551322751322751,116
7552198862060997901,real,combined_video_dataset,0.047578125,115
7543046503951043862,real,combined_video_dataset,0.0511374407582938,106
7555174571914169613,real,combined_video_dataset,0.1479106438896189,106
7456515146505293102,ai,combined_video_dataset,0.0191355777979981,105
7500687358904290603,real,combined_video_dataset,0.0318696883852691,105
7059849932324474158,ai,combined_video_dataset,0.0618344308560677,104
7574221523779669303,real,combined_video_dataset,0.0658919520336259,104
7515922372151528750,ai,combined_video_dataset,0.0238475177304964,102
7133302400613387563,ai,combined_video_dataset,0.0313249674054758,101
7538289927163890966,real,combined_video_dataset,0.0439728353140916,101
7060968108764335407,ai,combined_video_dataset,0.0402633593630378,100
7471366999596125486,ai,combined_video_dataset,0.0020405882352941,100
7514352675211742506,ai,combined_video_dataset,0.0095891304347826,99
7523206686132260151,real,combined_video_dataset,0.1162746234067207,98
7491344142484786454,real,combined_video_dataset,0.0422943722943722,93
7473357046927133974,real,combined_video_dataset,0.1011349036402569,92
7581338926158318862,real,combined_video_dataset,0.0475675675675675,92
7071340739317304618,ai,combined_video_dataset,0.0557722627737226,89
7516270844784577838,real,combined_video_dataset,0.0477718550106609,87
7539363850659892493,real,combined_video_dataset,0.1798035294117647,85
7512565678709214510,ai,combined_video_dataset,0.0058325,83
7527815412596083981,real,combined_video_dataset,0.0530200959123087,81
7329613458889051435,ai,combined_video_dataset,0.0145626666666666,79
7105090679080176942,ai,combined_video_dataset,0.0632993960310612,75
7376322849470139694,ai,combined_video_dataset,0.0101953125,74
7539834700018224406,real,combined_video_dataset,0.0246666666666666,74
7541913911063350550,real,combined_video_dataset,0.0426265972550875,74
7539731621390437654,real,combined_video_dataset,0.0607330827067669,70
7510728612769844526,real,combined_video_dataset,0.0564591977869986,68
7076528856567434539,ai,combined_video_dataset,0.0161349924585218,67
7542950367483415863,real,combined_video_dataset,0.0078258333333333,65
7155513445545233710,ai,combined_video_dataset,0.0356459045636985,63
7478862129051782422,real,combined_video_dataset,0.0791369047619047,63
7569609573775052054,ai,combined_video_dataset,0.037707399103139,63
7578387393992985870,real,combined_video_dataset,0.0543442622950819,63
7073932602607963434,ai,combined_video_dataset,0.0285126964933494,62
7571559980705271053,real,combined_video_dataset,0.0394666666666666,61
7540839551321787670,real,combined_video_dataset,0.0533333333333333,59
7547823767309798678,ai,combined_video_dataset,0.0670336787564766,59
7555902323755715863,ai,combined_video_dataset,0.0734027055150884,58
7071422796101913857,ai,combined_video_dataset,0.0313629893238434,55
7537330858357706006,ai,combined_video_dataset,0.0373413830954994,54
7577433848208772407,real,combined_video_dataset,0.0658156028368794,54
7543856931107130679,real,combined_video_dataset,0.0366470588235294,51
7572704074274000150,ai,combined_video_dataset,0.1228137612915625,51
7541583039768366358,real,combined_video_dataset,0.05403,50
7572005355618585911,real,combined_video_dataset,0.0237226277372262,50
7488784573929655595,real,combined_video_dataset,0.0814184529356943,48
7586031520335318285,real,combined_video_dataset,0.0367137809187279,48
7531884051523718455,real,combined_video_dataset,0.2174406880189798,47
7390001726511729927,ai,combined_video_dataset,0.0410855117412494,46
7491097821064482070,real,combined_video_dataset,0.0366901408450704,46
7534186979995454742,real,combined_video_dataset,0.0754987834549878,46
7556708722354031886,real,combined_video_dataset,0.0473140495867768,46
7496568271907540270,real,combined_video_dataset,0.035747696669029,45
7531428150627044621,real,combined_video_dataset,0.1944290220820189,45
7564052557161696567,real,combined_video_dataset,0.0649657320872274,45
7540468986408996118,real,combined_video_dataset,0.0349198868991517,44
7546040113751461175,real,combined_video_dataset,0.0369811320754717,44
7311811419190742314,ai,combined_video_dataset,0.0111694790902421,43
7536797438607232278,real,combined_video_dataset,0.075474280320906,42
7459461228566596910,real,combined_video_dataset,0.0540509259259259,41
7520666543957527822,ai,combined_video_dataset,0.006099,41
7527428564916948237,real,combined_video_dataset,0.0576062639821029,41
7554589737407876407,real,combined_video_dataset,0.0444897959183673,41
7581529771729849614,real,combined_video_dataset,0.0357715430861723,41
7587201622959279415,real,combined_video_dataset,0.1227743634767339,40
7536546674508942614,ai,combined_video_dataset,0.0696180555555555,39
7543637449092664598,ai,combined_video_dataset,0.0390225842280636,39
7557423140570205495,real,combined_video_dataset,0.0489145369607034,39
7565641373844589838,real,combined_video_dataset,0.0947260774287801,38
7571577355110452493,real,combined_video_dataset,0.0666290231507622,38
7576637475431517453,real,combined_video_dataset,0.1246020761245674,38
7584103768086613303,real,combined_video_dataset,0.0514785812989405,37
7513293613099617582,real,combined_video_dataset,0.0717351598173516,36
7553292285115370774,ai,combined_video_dataset,0.0583747178329571,36
7587817182038379789,real,combined_video_dataset,0.0717857142857142,36
7576710029588450574,real,combined_video_dataset,0.0545058139534883,35
7542316254174924054,real,combined_video_dataset,0.03717659137577,34
7568526518398274838,ai,combined_video_dataset,0.1323708824725498,34
7546202218865642774,ai,combined_video_dataset,0.0287775377969762,33
7113276045846924590,ai,combined_video_dataset,0.0384396586753352,32
7478037150966058282,real,combined_video_dataset,0.1051117824773413,32
7467960260712697134,ai,combined_video_dataset,0.000954,31
7549594414700711190,ai,combined_video_dataset,0.1069230769230769,31
7358269399616343338,ai,combined_video_dataset,0.0065530769230769,30
7459847535457291562,real,combined_video_dataset,0.0652075176194205,30
7528074650144754999,real,combined_video_dataset,0.0177763207193705,30
7463583382719728942,real,combined_video_dataset,0.0007951639344262,29
7484728261746986286,real,combined_video_dataset,0.0222085889570552,29
7497717866691579179,real,combined_video_dataset,0.0760772805086818,29
7515523805687696683,real,combined_video_dataset,0.0582785602503912,29
7526320359239339277,real,combined_video_dataset,0.0259948979591836,29
7548124291565407510,ai,combined_video_dataset,0.0571798780487804,29
7551919404108287245,real,combined_video_dataset,0.0306233062330623,29
7571646194628283703,real,combined_video_dataset,0.1576750700280112,29
7511762433342573867,real,combined_video_dataset,0.0074207407407407,28
7544188725404716343,real,combined_video_dataset,0.0261374045801526,28
7059092437528071471,ai,combined_video_dataset,0.0613831544178365,27
7063373274067062017,ai,combined_video_dataset,0.0222625413801884,27
7513744965122608430,ai,combined_video_dataset,0.0024628034455755,27
7462119210286615850,ai,combined_video_dataset,0.0218148148148148,26
7470606140368227627,real,combined_video_dataset,0.03153125,26
7490278498326809902,real,combined_video_dataset,0.0423214285714285,26
7535265342570974486,real,combined_video_dataset,0.05698224852071,26
7549029648131280142,real,combined_video_dataset,0.0468172888015717,26
7553089108864765239,real,combined_video_dataset,0.145527950310559,26
7567383351846374678,ai,combined_video_dataset,0.1003876487100655,26
7571506841398562078,real,combined_video_dataset,0.0463200684638425,26
7589336006218812686,real,combined_video_dataset,0.0371900826446281,26
7531048008885062967,real,combined_video_dataset,0.18746,25
7543247251653545238,ai,combined_video_dataset,0.0664406779661016,25
7558584326791695629,real,combined_video_dataset,0.0596569724086502,25
7584139948933074231,real,combined_video_dataset,0.0235672514619883,25
7058374333034417454,ai,combined_video_dataset,0.0369081942336874,24
7541107753645804814,real,combined_video_dataset,0.0902985074626865,24
7555704549206412557,real,combined_video_dataset,0.0624183006535947,24
7577105371311918391,ai,combined_video_dataset,0.0043826135105204,24
7161140074241854762,ai,combined_video_dataset,0.0091658520690778,23
7296552506522422571,ai,combined_video_dataset,0.0188724668596678,23
7464709305665703210,real,combined_video_dataset,0.0010262790697674,23
7469886326956150062,real,combined_video_dataset,0.0282128829536527,23
7494255754568879403,real,combined_video_dataset,0.048099173553719,23
7575253808343797005,real,combined_video_dataset,0.1248249027237354,23
7484006046449831214,real,combined_video_dataset,0.0516326530612244,22
7539922190657916182,ai,combined_video_dataset,0.0863330993682943,22
7558061810100800790,ai,combined_video_dataset,0.0852317880794702,22
7565209380782755075,ai,combined_video_dataset,0.1628026790314271,22
7120704751108394283,ai,combined_video_dataset,0.0182540650406504,21
7278270792926842120,ai,combined_video_dataset,0.0075989617131732,21
7460621292568317226,real,combined_video_dataset,0.0137945205479452,21
7462506452507184427,real,combined_video_dataset,0.0264987405541561,21
7517742989817498935,ai,combined_video_dataset,0.0584909747292418,21
7579265308502822199,real,combined_video_dataset,0.1042692939244663,21
7280943851567697195,ai,combined_video_dataset,0.0043732970027247,20
7499173645273632046,real,combined_video_dataset,0.0401650165016501,20
7519235869920791821,real,combined_video_dataset,0.0640076824583866,20
7528485663516200205,real,combined_video_dataset,0.0478481012658227,20
7532214667817602317,real,combined_video_dataset,0.0472058823529411,20
7538983658435267862,real,combined_video_dataset,0.0127794117647058,20
7566252973051890966,ai,combined_video_dataset,0.1278797996661101,20
7569671852470193422,real,combined_video_dataset,0.04490022172949,20
7034987201482001670,ai,combined_video_dataset,0.0518860630722278,19
7550783338580167949,real,combined_video_dataset,0.0259857482185273,19
7551518806485568782,real,combined_video_dataset,0.0114921090387374,19
7578925675009019149,real,combined_video_dataset,0.1031073446327683,19
7583072848051326222,ai,combined_video_dataset,0.0051503394762366,19
7470634958445448491,real,combined_video_dataset,0.0492405063291139,18
7547183794344709389,real,combined_video_dataset,0.0087262658227848,18
7564485834972400909,real,combined_video_dataset,0.0258407079646017,18
7576342339191344397,real,combined_video_dataset,0.0894717489888466,18
7583187824862629175,real,combined_video_dataset,0.0169724770642201,18
7372983838735355182,ai,combined_video_dataset,0.009844148864705,17
7516778187758587149,real,combined_video_dataset,0.093076923076923,17
7532913199922810134,ai,combined_video_dataset,0.0476174944403261,17
7540712749383306509,real,combined_video_dataset,0.0750299401197604,17
7576336236751703309,real,combined_video_dataset,0.029505865623889,17
7460192241340943659,real,combined_video_dataset,0.0182377049180327,16
7468399838720314666,real,combined_video_dataset,0.1208722741433021,16
7473171580592606510,real,combined_video_dataset,0.0296633303002729,16
7475539253410155798,real,combined_video_dataset,0.038972602739726,16
7502520353323863326,real,combined_video_dataset,0.0106345089903181,16
7503977682472799519,real,combined_video_dataset,0.0155245746691871,16
7521109672095452471,real,combined_video_dataset,0.1104591104734576,16
7537880860989623574,real,combined_video_dataset,0.0410484454085321,16
7546709638838766903,real,combined_video_dataset,0.0286,16
7571206423640575246,real,combined_video_dataset,0.0544361965358784,16
7585649861740072247,real,combined_video_dataset,0.0189177298724153,16
7585690004333088013,real,combined_video_dataset,0.0170392371424105,16
7465830604538449194,ai,combined_video_dataset,0.0055252737013743,15
7520357410104413454,real,combined_video_dataset,0.0647976878612716,15
7521490969468865847,ai,combined_video_dataset,0.0099671052631578,15
7525168616736689421,real,combined_video_dataset,0.0492424242424242,15
7532180573129903374,real,combined_video_dataset,0.1008872901678657,15
7539540623297187086,real,combined_video_dataset,0.0263363363363363,15
7542568220398603542,ai,combined_video_dataset,0.0805027932960893,15
7569401754798787895,real,combined_video_dataset,0.0770434782608695,15
7472095166342647086,real,combined_video_dataset,0.0588734486050705,14
7472501577199242538,real,combined_video_dataset,0.0416766467065868,14
7524418720349834509,real,combined_video_dataset,0.0924203821656051,14
7531594750172892438,real,combined_video_dataset,0.0222137404580152,14
7543698555874200846,real,combined_video_dataset,0.014378698224852,14
7551252616324402446,real,combined_video_dataset,0.0314606741573033,14
7564443145912487190,ai,combined_video_dataset,0.1124857561452059,14
7579749850854591799,real,combined_video_dataset,0.0220261437908496,14
7584497958012407053,real,combined_video_dataset,0.1007095158597662,14
7586786658335427854,ai,combined_video_dataset,0.0023069071112623,14
7476209407043456299,real,combined_video_dataset,0.0092781316348195,13
7480612345459395886,real,combined_video_dataset,0.0157416267942583,13
7482873020319599918,real,combined_video_dataset,0.0265635738831615,13
7506290694378753326,ai,combined_video_dataset,0.0080392156862745,13
7527504424869137719,real,combined_video_dataset,0.0520063694267515,13
7558121309847260430,real,combined_video_dataset,0.0949553571428571,13
7558579556148333837,ai,combined_video_dataset,0.0056421591437878,13
7585430559300521230,real,combined_video_dataset,0.0411827956989247,13
7048698807009185029,ai,combined_video_dataset,0.060100625,12
7396915859618270481,ai,combined_video_dataset,0.0109329993738259,12
7478090453343096107,real,combined_video_dataset,0.0249377593360995,12
7491798137116495127,real,combined_video_dataset,0.0464037122969837,12
7511054759613254958,real,combined_video_dataset,0.0389940661203729,12
7521479634324606221,real,combined_video_dataset,0.0786227544910179,12
7528171589142187278,real,combined_video_dataset,0.0034452006571227,12
7530778010195168525,real,combined_video_dataset,0.0030064406779661,12
7535881652539510038,ai,combined_video_dataset,0.1225594432630968,12
7538416839257230614,ai,combined_video_dataset,0.0832771409305462,12
7542533530698452254,real,combined_video_dataset,0.0311470588235294,12
7547031024178416910,real,combined_video_dataset,0.0567521367521367,12
7553097771964730637,real,combined_video_dataset,0.0443790849673202,12
7565897317576871190,ai,combined_video_dataset,0.1334654773703336,12
7578211360698338574,real,combined_video_dataset,0.0415464512406232,12
7578617058611465486,real,combined_video_dataset,0.0261448792672772,12
7587444502495857934,real,combined_video_dataset,0.0561111111111111,12
7468152917858602283,real,combined_video_dataset,0.0407070707070707,11
7481483485182496022,real,combined_video_dataset,0.0366480691390438,11
7492591003665222934,real,combined_video_dataset,0.0390693590869183,11
7499585885634088235,real,combined_video_dataset,0.0144148936170212,11
7520462554389368086,real,combined_video_dataset,0.0215596330275229,11
7548448008547978518,ai,combined_video_dataset,0.0809439788266431,11
7558807070435183894,ai,combined_video_dataset,0.0979521074872683,11
7559628295269010719,real,combined_video_dataset,0.0642372881355932,11
7565669163226664205,real,combined_video_dataset,0.0373740656483587,11
7566710926020267277,ai,combined_video_dataset,0.007175866495507,11
7571141578966699286,ai,combined_video_dataset,0.0786377708978328,11
7572735434271264030,real,combined_video_dataset,0.0452006094464195,11
7573102355244158222,real,combined_video_dataset,0.0146651270207852,11
7574835700596690190,real,combined_video_dataset,0.0875,11
7577558634071133454,real,combined_video_dataset,0.0323251748251748,11
7581943861967195405,real,combined_video_dataset,0.0212387129594302,11
7463198022399282478,real,combined_video_dataset,0.0238641686182669,10
7514848264022347054,ai,combined_video_dataset,0.0051647909967845,10
7517830042206899469,ai,combined_video_dataset,0.020509977827051,10
7532969057016876310,real,combined_video_dataset,0.0326627218934911,10
7535250376027639053,real,combined_video_dataset,0.0443840579710144,10
7541046023326567702,ai,combined_video_dataset,0.0937262357414448,10
7553750555999440183,real,combined_video_dataset,0.0314792583700146,10
7554955400274087181,real,combined_video_dataset,0.0291219296955434,10
7558210168161373495,real,combined_video_dataset,0.0446593949372298,10
7561475864060267789,real,combined_video_dataset,0.0817652329749104,10
7561610021037935927,real,combined_video_dataset,0.0228682170542635,10
7565035422875651359,real,combined_video_dataset,0.0362645176582128,10
7568688050927160590,real,combined_video_dataset,0.0609367894497498,10
7570041308157349133,real,combined_video_dataset,0.046998229518751,10
7574176487209848078,real,combined_video_dataset,0.0352890235981814,10
7581196165069180174,real,combined_video_dataset,0.0805970149253731,10
7582649070892666126,real,combined_video_dataset,0.1293625914315569,10
7583896240472034591,real,combined_video_dataset,0.0525283653172713,10
7590049219319303479,real,combined_video_dataset,0.0208393216441506,10
7258222058293710088,ai,combined_video_dataset,0.017940506498727,9
7464645539007647018,real,combined_video_dataset,0.0181818181818181,9
7467604102701239598,real,combined_video_dataset,0.0258241758241758,9
7486563588908387626,real,combined_video_dataset,0.03125,9
7487319886759251243,real,combined_video_dataset,0.0490634441087613,9
7504011420049214762,real,combined_video_dataset,0.0164321608040201,9
7516759679905680653,ai,combined_video_dataset,0.0572405660377358,9
7521488514597276983,ai,combined_video_dataset,0.0226959247648902,9
7524718203470236941,real,combined_video_dataset,0.1051020408163265,9
7525932787287772471,real,combined_video_dataset,0.0576107899807321,9
7526278142583950647,real,combined_video_dataset,0.067522999479257,9
7526941223316114710,ai,combined_video_dataset,0.1177037037037037,9
7528554102993833230,real,combined_video_dataset,0.0748913043478261,9
7535861065935064333,real,combined_video_dataset,0.0448837830617152,9
7545264300588322062,real,combined_video_dataset,0.0226114649681528,9
7550501572598320439,real,combined_video_dataset,0.015076923076923,9
7554183968254381326,real,combined_video_dataset,0.0382218529289572,9
7558447351866739990,ai,combined_video_dataset,0.1130952380952381,9
7561823947482746167,real,combined_video_dataset,0.0149019607843137,9
7564914123608296759,real,combined_video_dataset,0.0468965517241379,9
7572065309809593613,real,combined_video_dataset,0.0392156862745098,9
7578615192465034551,real,combined_video_dataset,0.0920032403656984,9
7581882382412762381,real,combined_video_dataset,0.1177347242921013,9
7581992977753525559,real,combined_video_dataset,0.0102994011976047,9
7582646476103339319,real,combined_video_dataset,0.0457894736842105,9
7583486592489180430,real,combined_video_dataset,0.0804953560371517,9
7456839506671553835,ai,combined_video_dataset,0.0094061232017705,8
7463996604752678186,ai,combined_video_dataset,0.0113290291143866,8
7475548077290507563,real,combined_video_dataset,0.0356950672645739,8
7480272734904225070,real,combined_video_dataset,0.0438829787234042,8
7481766344719879467,real,combined_video_dataset,0.023076923076923,8
7486247110992563498,real,combined_video_dataset,0.0049127906976744,8
7504322408434666774,real,combined_video_dataset,0.0098998091603053,8
7509179013819026730,real,combined_video_dataset,0.0319546065402418,8
7511884044372675882,real,combined_video_dataset,0.093578826237054,8
7512582030551502122,real,combined_video_dataset,0.0260967741935483,8
7514092308338625838,real,combined_video_dataset,0.0250272034820457,8
7514822041409834262,real,combined_video_dataset,0.0060043049733771,8
7515820474983730478,real,combined_video_dataset,0.0287826086956521,8
7538855684629089549,real,combined_video_dataset,0.1008955223880597,8
7548921722687229197,real,combined_video_dataset,0.1191228070175438,8
7549757988236561677,real,combined_video_dataset,0.0267222358421181,8
7553828189915581709,real,combined_video_dataset,0.0314347826086956,8
7554570861651512590,real,combined_video_dataset,0.0481017690320015,8
7559310758178344206,real,combined_video_dataset,0.0222488038277511,8
7559808897750519070,real,combined_video_dataset,0.0365934797072521,8
7571124842783624462,real,combined_video_dataset,0.0509648688767936,8
7573086048201329933,real,combined_video_dataset,0.0610260653702937,8
7573473414455889166,real,combined_video_dataset,0.0177186963979416,8
7574153672880295181,real,combined_video_dataset,0.0885860306643952,8
7574426534669274390,ai,combined_video_dataset,0.1083957430035475,8
7577124976189394190,real,combined_video_dataset,0.0913934426229508,8
7579690763647323447,real,combined_video_dataset,0.0221221864951768,8
7586681166262996238,real,combined_video_dataset,0.0889487870619946,8
7590112776186514743,real,combined_video_dataset,0.0326282628262826,8
7398815571829083413,ai,combined_video_dataset,0.0152549575070821,7
7473917056396594475,real,combined_video_dataset,0.0378787878787878,7
7475454094002474262,real,combined_video_dataset,0.0346153846153846,7
7500286370909293870,real,combined_video_dataset,0.0319496855345911,7
7501127765278592299,real,combined_video_dataset,0.0719775347324859,7
7504321101728599339,real,combined_video_dataset,0.0893011216566005,7
7504837878636088618,real,combined_video_dataset,0.0665938864628821,7
7512183654441946390,real,combined_video_dataset,0.0280866003510825,7
7514393787867712790,real,combined_video_dataset,0.0270185359723531,7
7517753507311635726,real,combined_video_dataset,0.0429864253393665,7
7520644568753196301,real,combined_video_dataset,0.0404896421845574,7
7546048213803994382,real,combined_video_dataset,0.0225639987857937,7
7546324425650572599,real,combined_video_dataset,0.0244883040935672,7
7554101526759755021,real,combined_video_dataset,0.0430821293765456,7
7556124653954043149,real,combined_video_dataset,0.0398183723367097,7
7558607700104334605,real,combined_video_dataset,0.1196443007275667,7
7560380219232750861,real,combined_video_dataset,0.0436312456016889,7
7561963528253459726,real,combined_video_dataset,0.0748663101604278,7
7562161851438468365,real,combined_video_dataset,0.144671274714676,7
7566273071540129079,real,combined_video_dataset,0.0254700854700854,7
7567065523305909517,real,combined_video_dataset,0.0540240811153358,7
7569744895179525431,real,combined_video_dataset,0.0406010230179028,7
7571669530615745847,real,combined_video_dataset,0.0408895265423242,7
7572715593695120653,real,combined_video_dataset,0.0375475285171102,7
7573829050339167543,real,combined_video_dataset,0.0823451910408432,7
7573897645236702519,real,combined_video_dataset,0.1103202846975089,7
7574796249426087171,ai,combined_video_dataset,0.1186230807330361,7
7581179281129180471,real,combined_video_dataset,0.0711267605633802,7
7123275140133162282,ai,combined_video_dataset,0.0175278969957081,6
7461317414437932330,real,combined_video_dataset,0.0406829268292682,6
7465789372588199211,real,combined_video_dataset,0.0676913981673071,6
7467202100674497834,ai,combined_video_dataset,0.0082882882882882,6
7468869871623834922,ai,combined_video_dataset,0.01324200913242,6
7471332308839189806,real,combined_video_dataset,0.0158267716535433,6
7473245658015878446,real,combined_video_dataset,0.0274324324324324,6
7475785562264243502,real,combined_video_dataset,0.0255414012738853,6
7493580768204229934,real,combined_video_dataset,0.0949618320610687,6
7496152241867623726,real,combined_video_dataset,0.0284016824395373,6
7511941576940211478,real,combined_video_dataset,0.0283066132264529,6
7516368375967206698,ai,combined_video_dataset,0.0103394255874673,6
7517412027267157261,real,combined_video_dataset,0.0170178282009724,6
7517774065457728782,ai,combined_video_dataset,0.0197380952380952,6
7519336027085999415,ai,combined_video_dataset,0.021796875,6
7521188137482177847,ai,combined_video_dataset,0.0239130434782608,6
7521547859297078541,real,combined_video_dataset,0.0365217391304347,6
7525634912628591885,real,combined_video_dataset,0.0573507462686567,6
7527432916985482551,real,combined_video_dataset,0.0425007699414844,6
7533812468305448214,real,combined_video_dataset,0.0134146341463414,6
7538849918883007799,real,combined_video_dataset,0.0071344904695985,6
7539278012169112854,ai,combined_video_dataset,0.0824075609351683,6
7546421612342430990,real,combined_video_dataset,0.0218421052631578,6
7546769400129490189,real,combined_video_dataset,0.0288235294117647,6
7547734224518909214,ai,combined_video_dataset,0.0034375,6
7547880032220318990,real,combined_video_dataset,0.0265536723163841,6
7549295729336929591,real,combined_video_dataset,0.0362072867164516,6
7555918299729513742,real,combined_video_dataset,0.0886162235855487,6
7555967850796649783,real,combined_video_dataset,0.0361607142857142,6
7560821228483693879,real,combined_video_dataset,0.0407035175879397,6
7566695291764624662,ai,combined_video_dataset,0.1165730337078651,6
7567124922976177422,real,combined_video_dataset,0.0478610758153324,6
7572424419478392119,real,combined_video_dataset,0.0269250125817815,6
7579654766154845495,real,combined_video_dataset,0.0670995670995671,6
7579666136371957005,real,combined_video_dataset,0.1061093247588424,6
7580756817660153143,real,combined_video_dataset,0.1319910514541387,6
7582394428824898830,real,combined_video_dataset,0.0651955867602808,6
7586322489651858701,real,combined_video_dataset,0.052710094480358,6
7587143124691078413,real,combined_video_dataset,0.0524974515800203,6
7376843667564137745,ai,combined_video_dataset,0.0079447765442641,5
7457247174624202030,real,combined_video_dataset,0.0157792207792207,5
7457710742150614315,ai,combined_video_dataset,0.0130790190735694,5
7463985618612178222,ai,combined_video_dataset,0.0115734720416124,5
7465413499645218094,real,combined_video_dataset,0.0402522935779816,5
7465458090528345387,real,combined_video_dataset,0.0347435897435897,5
7470357308040678702,ai,combined_video_dataset,0.0028307692307692,5
7478363873192447275,real,combined_video_dataset,0.0266467065868263,5
7483899443067227438,real,combined_video_dataset,0.0430894308943089,5
7486189426243112238,real,combined_video_dataset,0.0224874371859296,5
7488206695714376982,real,combined_video_dataset,0.0223009313918404,5
7488447079543573806,real,combined_video_dataset,0.0452258064516129,5
7492982129710632238,real,combined_video_dataset,0.0631366723259762,5
7498477770964471083,real,combined_video_dataset,0.0061946902654867,5
7505164620680760622,real,combined_video_dataset,0.0342105263157894,5
7511431131489766678,real,combined_video_dataset,0.0499485066941297,5
7514727131419610414,real,combined_video_dataset,0.0335533553355335,5
7515526310966431022,ai,combined_video_dataset,0.0080854750216575,5
7515909476403252522,real,combined_video_dataset,0.0380864197530864,5
7516227742682139950,ai,combined_video_dataset,0.0503204047217537,5
7516228198313610539,ai,combined_video_dataset,0.0277650429799426,5
7518444560670805270,real,combined_video_dataset,0.0126877643284235,5
7528028389291134263,real,combined_video_dataset,0.0449771407389101,5
7534522209105202454,real,combined_video_dataset,0.0424719101123595,5
7538093152100470030,real,combined_video_dataset,0.0669669669669669,5
7539911944354958606,real,combined_video_dataset,0.0176666666666666,5
7540030094283214094,real,combined_video_dataset,0.0016295913088463,5
7552987518983998750,real,combined_video_dataset,0.0643026004728132,5
7553118406245895479,real,combined_video_dataset,0.0269230769230769,5
7553672395324722446,real,combined_video_dataset,0.0290474156343442,5
7556374286840122637,real,combined_video_dataset,0.0139339826839826,5
7558678998419557646,real,combined_video_dataset,0.033859649122807,5
7559730317309906190,real,combined_video_dataset,0.0612492419648271,5
7561863279434304781,real,combined_video_dataset,0.0343706456107756,5
7562759201773145357,real,combined_video_dataset,0.0485252140818268,5
7563283854014811406,real,combined_video_dataset,0.0790816326530612,5
7566068080628059406,real,combined_video_dataset,0.0346282299173844,5
7569249889511558413,real,combined_video_dataset,0.0861308918277382,5
7574997117249277198,real,combined_video_dataset,0.01291280148423,5
7579704779195141431,real,combined_video_dataset,0.0203238029624526,5
7581886525315484942,real,combined_video_dataset,0.0519480519480519,5
7584299994039995661,real,combined_video_dataset,0.0606848721283051,5
7585210977814203662,real,combined_video_dataset,0.0123364485981308,5
7589379553689128247,real,combined_video_dataset,0.0437577768560763,5
7451924522468379922,ai,combined_video_dataset,0.0292109256449165,4
7452207304780303624,ai,combined_video_dataset,0.0144094488188976,4
7458155194036096302,real,combined_video_dataset,0.0415824429685244,4
7463523561366359342,ai,combined_video_dataset,0.0095008294374905,4
7469860128582307115,ai,combined_video_dataset,0.0073928571428571,4
7472947046647926038,real,combined_video_dataset,0.032,4
7476490566893620522,real,combined_video_dataset,0.075867635189669,4
7478739641642962222,real,combined_video_dataset,0.0008810389610389,4
7483153706779790638,real,combined_video_dataset,0.050928270042194,4
7484363148368071978,real,combined_video_dataset,0.0959132610508757,4
7489112044579491118,real,combined_video_dataset,0.0089922480620155,4
7495440126349184298,real,combined_video_dataset,0.0225210084033613,4
7495446182601264427,real,combined_video_dataset,0.0985915492957746,4
7497025482790128939,real,combined_video_dataset,0.0341274238227146,4
7498502516993199403,real,combined_video_dataset,0.0939565627950897,4
7499632633089903894,real,combined_video_dataset,0.0246913580246913,4
7502431104868191534,real,combined_video_dataset,0.0387382401770891,4
7502832167098060078,real,combined_video_dataset,0.0115570934256055,4
7503287135475191071,real,combined_video_dataset,0.0179692307692307,4
7505471981089738006,real,combined_video_dataset,0.0326566637246248,4
7508595352447061291,real,combined_video_dataset,0.0598019061857596,4
7511522578217946414,ai,combined_video_dataset,0.0081173899469247,4
7512643920539700526,real,combined_video_dataset,0.0528255528255528,4
7514749351839665454,real,combined_video_dataset,0.0294444444444444,4
7515528496903458090,ai,combined_video_dataset,0.0040741495212874,4
7516395955562859819,ai,combined_video_dataset,0.0344075829383886,4
7516564086872624397,ai,combined_video_dataset,0.0065510597302504,4
7516731678304292109,ai,combined_video_dataset,0.0246938775510204,4
7516807932730674446,ai,combined_video_dataset,0.0136734693877551,4
7517018723115453710,real,combined_video_dataset,0.0264179104477611,4
7518222079955602743,ai,combined_video_dataset,0.0270555555555555,4
7518948408011345207,ai,combined_video_dataset,0.0240322580645161,4
7519944031648926998,real,combined_video_dataset,0.030820895522388,4
7521932241715334422,real,combined_video_dataset,0.0062585034013605,4
7527019952914664759,real,combined_video_dataset,0.0233555767397521,4
7527801554707991822,real,combined_video_dataset,0.0265848670756646,4
7534162247740820749,real,combined_video_dataset,0.0377924415116976,4
7534834355135384846,real,combined_video_dataset,0.0830073880921338,4
7539244955202620685,real,combined_video_dataset,0.0565410199556541,4
7539739223503424782,real,combined_video_dataset,0.0488829787234042,4
7549933681536781623,real,combined_video_dataset,0.0272473478503629,4
7552018309303061773,real,combined_video_dataset,0.0337295213620301,4
7554773861150051639,real,combined_video_dataset,0.0637775960752248,4
7555179434228370702,real,combined_video_dataset,0.0341310317771675,4
7555557494966209805,real,combined_video_dataset,0.0485576923076923,4
7556254192692628791,real,combined_video_dataset,0.0701330108827085,4
7557120017620421902,real,combined_video_dataset,0.0398989898989899,4
7557236751140425015,real,combined_video_dataset,0.0140652818991097,4
7559340490802351373,real,combined_video_dataset,0.0293255131964809,4
7560739514151357709,real,combined_video_dataset,0.0379867046533713,4
7561901530916343095,real,combined_video_dataset,0.0577342047930283,4
7567209303002631438,real,combined_video_dataset,0.0545536519386835,4
7569373553003400462,real,combined_video_dataset,0.013919575784357,4
7569652779422190903,real,combined_video_dataset,0.066010660106601,4
7570347487173594382,real,combined_video_dataset,0.04235807860262,4
7571941774927662349,real,combined_video_dataset,0.0403780068728522,4
7577226147985886477,real,combined_video_dataset,0.0694980694980695,4
7579372956065828110,real,combined_video_dataset,0.023125,4
7582010058960162061,real,combined_video_dataset,0.0115638766519823,4
7247819725307235585,ai,combined_video_dataset,0.04214,3
7447883269003103496,ai,combined_video_dataset,0.028816199376947,3
7450380458958867719,ai,combined_video_dataset,0.0262120952544115,3
7456527272992836907,ai,combined_video_dataset,0.0193230277185501,3
7462088629087718702,real,combined_video_dataset,0.0222033898305084,3
7462939001297816878,ai,combined_video_dataset,0.0113255702663901,3
7469196987116670250,real,combined_video_dataset,0.0514504652435686,3
7469504044273274158,ai,combined_video_dataset,0.0054732510288065,3
7475110315940646186,real,combined_video_dataset,0.0157995711544972,3
7479459448231202094,real,combined_video_dataset,0.0630275229357798,3
7485105763690499374,real,combined_video_dataset,0.0542264752791068,3
7487612560997649710,real,combined_video_dataset,0.0330703374181635,3
7488005058433404206,real,combined_video_dataset,0.0110619469026548,3
7491303306619456814,real,combined_video_dataset,0.0223214285714285,3
7493273148360510763,real,combined_video_dataset,0.0101980198019801,3
7494659833673567530,real,combined_video_dataset,0.0677731673582296,3
7500322639446035734,real,combined_video_dataset,0.0164437354276598,3
7501406299788168490,real,combined_video_dataset,0.0745216515609264,3
7501898586729352491,real,combined_video_dataset,0.0671108995716325,3
7503254306401930538,real,combined_video_dataset,0.023695518723143,3
7503716075150773547,real,combined_video_dataset,0.0574857864813645,3
7504857170811374891,real,combined_video_dataset,0.0559345156889495,3
7507064809809104171,real,combined_video_dataset,0.0511089681774349,3
7508126752489786670,real,combined_video_dataset,0.0209118541033434,3
7510800594165108010,real,combined_video_dataset,0.0330081300813008,3
7511747439297154350,real,combined_video_dataset,0.0378301886792452,3
7511845401453006122,real,combined_video_dataset,0.0245205479452054,3
7513240443446906155,ai,combined_video_dataset,0.0142180094786729,3
7514407478319287598,ai,combined_video_dataset,0.0109638357061037,3
7515484229472505134,real,combined_video_dataset,0.05625,3
7515498238431055146,real,combined_video_dataset,0.0435769405356332,3
7515925552549678378,ai,combined_video_dataset,0.0130379746835443,3
7516032103390203178,ai,combined_video_dataset,0.0204470588235294,3
7516241082754010414,ai,combined_video_dataset,0.0105438066465256,3
7516244049251208494,ai,combined_video_dataset,0.012039312039312,3
7516394505831075114,ai,combined_video_dataset,0.0155405405405405,3
7516986883566554399,real,combined_video_dataset,0.0136146272855133,3
7516996543631740174,ai,combined_video_dataset,0.0141503267973856,3
7517668450764852535,ai,combined_video_dataset,0.0088927637314734,3
7517719281698671886,real,combined_video_dataset,0.0386842105263157,3
7518219680285232397,ai,combined_video_dataset,0.0143506493506493,3
7519335359017274679,ai,combined_video_dataset,0.0283606557377049,3
7519609560777149718,real,combined_video_dataset,0.0217495794280221,3
7521165964478549262,ai,combined_video_dataset,0.0324982392594828,3
7521471271008308535,real,combined_video_dataset,0.072167487684729,3
7523297699995700494,real,combined_video_dataset,0.0375882352941176,3
7529921315294301495,real,combined_video_dataset,0.031918505942275,3
7531181466827410710,real,combined_video_dataset,0.0141935483870967,3
7535251218210344247,real,combined_video_dataset,0.0842592592592592,3
7537160514204486926,real,combined_video_dataset,0.0262766484878532,3
7537776291597061389,real,combined_video_dataset,0.0492154065620542,3
7541025029543185719,real,combined_video_dataset,0.0173118279569892,3
7549597611666197815,real,combined_video_dataset,0.054601226993865,3
7555600275784928525,real,combined_video_dataset,0.0233322379231022,3
7562366522283347214,real,combined_video_dataset,0.0512249443207126,3
7564264416175279415,real,combined_video_dataset,0.0251379521765787,3
7565176822346894647,real,combined_video_dataset,0.026877133105802,3
7570163794408656141,real,combined_video_dataset,0.0732543640897755,3
7570866591684922679,real,combined_video_dataset,0.0314371257485029,3
7571134885608393998,real,combined_video_dataset,0.1089324618736383,3
7571687090195352846,real,combined_video_dataset,0.08,3
7573077876866600205,real,combined_video_dataset,0.0467055879899916,3
7573750473170177335,real,combined_video_dataset,0.0472263868065967,3
7574942343229426999,real,combined_video_dataset,0.0260199833472106,3
7576766953323318583,ai,combined_video_dataset,0.0016696783520057,3
7578327833198578958,real,combined_video_dataset,0.0460299194476409,3
7579021618341514510,real,combined_video_dataset,0.0177514792899408,3
7579288429683395853,real,combined_video_dataset,0.079702444208289,3
7579435300196289823,real,combined_video_dataset,0.0383314543404735,3
7580839541624311070,real,combined_video_dataset,0.0310796074154852,3
7582282589117877517,real,combined_video_dataset,0.0172744721689059,3
7584149382988188942,real,combined_video_dataset,0.0411042944785276,3
7584849654525742391,real,combined_video_dataset,0.0380952380952381,3
7585675002108857655,real,combined_video_dataset,0.0493887530562347,3
7586347958254308621,real,combined_video_dataset,0.0238227146814404,3
7586716314585074999,real,combined_video_dataset,0.0924574209245742,3
7588947771042925879,real,combined_video_dataset,0.0315947843530591,3
7376585934306856210,ai,combined_video_dataset,0.0074860574860574,2
7451924102329175314,ai,combined_video_dataset,0.0364413680781759,2
7451925102318472455,ai,combined_video_dataset,0.0258186397984886,2
7452207597907676424,ai,combined_video_dataset,0.017726929846618,2
7455471375810170154,real,combined_video_dataset,0.0315126050420168,2
7456701149144517910,real,combined_video_dataset,0.0174793008279668,2
7457703235772484910,ai,combined_video_dataset,0.0059184104840414,2
7459430513657318699,real,combined_video_dataset,0.0311206896551724,2
7462088004493118766,ai,combined_video_dataset,0.0238234263692631,2
7462096870652038446,ai,combined_video_dataset,0.0069930069930069,2
7468000059850837294,real,combined_video_dataset,0.0317260273972602,2
7469898764795563310,real,combined_video_dataset,0.0445229681978798,2
7471466629080141078,real,combined_video_dataset,0.0248015873015873,2
7471789639573966126,ai,combined_video_dataset,0.0073267326732673,2
7472781587382504750,real,combined_video_dataset,0.065398335315101,2
7481732510712483094,real,combined_video_dataset,0.0156569094622191,2
7482022082549763374,real,combined_video_dataset,0.0597140454163162,2
7482453076884868394,real,combined_video_dataset,0.0617283950617283,2
7482542362904825130,real,combined_video_dataset,0.0222401474994238,2
7484754839931538730,real,combined_video_dataset,0.0826446280991735,2
7485076619061660950,real,combined_video_dataset,0.0200190657769304,2
7491014852710960407,real,combined_video_dataset,0.0456692913385826,2
7492622359539567914,real,combined_video_dataset,0.0483746130030959,2
7495072453278993710,real,combined_video_dataset,0.0114563106796116,2
7496240734912171306,real,combined_video_dataset,0.0718562874251497,2
7496908284599749910,real,combined_video_dataset,0.0226608187134502,2
7498016904087522606,real,combined_video_dataset,0.0315075133301017,2
7499146256774614318,real,combined_video_dataset,0.0765027322404371,2
7502085413587242282,real,combined_video_dataset,0.0376551133932391,2
7505551351800433966,real,combined_video_dataset,0.0465573770491803,2
7505859646574349590,real,combined_video_dataset,0.0175159235668789,2
7506289943216459050,ai,combined_video_dataset,0.0057204147300679,2
7510662905084284203,ai,combined_video_dataset,0.0095351609058402,2
7512478221342952750,real,combined_video_dataset,0.0528455284552845,2
7513420618172222742,real,combined_video_dataset,0.024173937920183,2
7514151176552877314,real,combined_video_dataset,0.0140132347216815,2
7516243181650988334,ai,combined_video_dataset,0.0119058823529411,2
7516376664570416426,ai,combined_video_dataset,0.0108024691358024,2
7517330262225620246,real,combined_video_dataset,0.0193192272309107,2
7517670042108972302,ai,combined_video_dataset,0.0118832731648616,2
7517758846761225527,ai,combined_video_dataset,0.0203311258278145,2
7518623565260885270,real,combined_video_dataset,0.0235901730876605,2
7520049050889080119,real,combined_video_dataset,0.087409420289855,2
7520275551416749326,real,combined_video_dataset,0.0686504829026363,2
7520665992100318519,real,combined_video_dataset,0.0581395348837209,2
7521157596263222542,ai,combined_video_dataset,0.0329090909090909,2
7521177553156066573,ai,combined_video_dataset,0.0166666666666666,2
7521486299098778894,ai,combined_video_dataset,0.0105825242718446,2
7521758609311649038,real,combined_video_dataset,0.0514939605848696,2
7522522552284007693,real,combined_video_dataset,0.043,2
7522913368491986189,real,combined_video_dataset,0.0431778929188255,2
7525915359585619213,real,combined_video_dataset,0.0088082901554404,2
7526714563346107655,ai,combined_video_dataset,0.0135062128579146,2
7529321113172692238,real,combined_video_dataset,0.0308370044052863,2
7531084168680181047,real,combined_video_dataset,0.066006600660066,2
7532120500668042518,real,combined_video_dataset,0.0089333333333333,2
7533692424250510647,real,combined_video_dataset,0.0356874530428249,2
7534440713413463310,real,combined_video_dataset,0.0325018896447467,2
7534764167299927351,real,combined_video_dataset,0.0403985995152168,2
7535558064473148685,real,combined_video_dataset,0.044776119402985,2
7535970277197434125,real,combined_video_dataset,0.0432,2
7538462532420242743,real,combined_video_dataset,0.0387486669036615,2
7540311724214209847,real,combined_video_dataset,0.0467984763286776,2
7541395523085929783,real,combined_video_dataset,0.016497461928934,2
7541766006897773838,real,combined_video_dataset,0.0202970297029702,2
7545662326708440375,real,combined_video_dataset,0.0192307692307692,2
7548319551251877175,real,combined_video_dataset,0.0194380292532717,2
7554553670101208375,real,combined_video_dataset,0.0242732147897262,2
7555281904333868301,real,combined_video_dataset,0.0518590998043052,2
7555589200045755662,real,combined_video_dataset,0.0217909431392577,2
7555641617537830158,real,combined_video_dataset,0.0209542230818826,2
7556434998639774989,real,combined_video_dataset,0.0292397660818713,2
7557877729522126093,real,combined_video_dataset,0.0992700729927007,2
7559000134357503245,real,combined_video_dataset,0.072356215213358,2
7560840845386173710,real,combined_video_dataset,0.0529247910863509,2
7560879927826926903,real,combined_video_dataset,0.1189320388349514,2
7562694354532338999,real,combined_video_dataset,0.0648959474260679,2
7563384066880458039,real,combined_video_dataset,0.0187449062754686,2
7564526843601243447,real,combined_video_dataset,0.0473588342440801,2
7564590265336401207,real,combined_video_dataset,0.0657306955966815,2
7566318661556768055,real,combined_video_dataset,0.0904371584699453,2
7566491032821566775,real,combined_video_dataset,0.0489913544668587,2
7566673177938627895,real,combined_video_dataset,0.0480103806228373,2
7569420590960872718,real,combined_video_dataset,0.0794281175536139,2
7570934735275429175,real,combined_video_dataset,0.0198120915032679,2
7571169548494277901,real,combined_video_dataset,0.019669551534225,2
7572323148603952439,real,combined_video_dataset,0.0373948270489249,2
7572403909822663991,real,combined_video_dataset,0.0567066521264994,2
7572730954842754318,real,combined_video_dataset,0.0632603406326034,2
7573392493601983757,real,combined_video_dataset,0.0288461538461538,2
7574883870848388365,real,combined_video_dataset,0.0656146179401993,2
7575726170272959757,real,combined_video_dataset,0.0440251572327044,2
7576454497531186487,real,combined_video_dataset,0.0228357191547375,2
7577075887628193079,real,combined_video_dataset,0.0299272040981396,2
7577578342128323895,real,combined_video_dataset,0.0267950052029136,2
7577597999690288398,real,combined_video_dataset,0.0375312760633861,2
7579071940338502967,real,combined_video_dataset,0.0372863801139306,2
7579499312992800030,real,combined_video_dataset,0.0386792452830188,2
7580101354752937229,real,combined_video_dataset,0.0554177005789909,2
7582412763167722807,real,combined_video_dataset,0.0313364055299539,2
7582642557671263502,real,combined_video_dataset,0.0801335559265442,2
7582654194486676749,real,combined_video_dataset,0.0468883205456095,2
7584518400546753805,real,combined_video_dataset,0.0110268780151619,2
7250057782081129729,ai,combined_video_dataset,0.0164234875444839,1
7254485954264714497,ai,combined_video_dataset,0.0134093319194061,1
7264794171762871554,ai,combined_video_dataset,0.0098391728891441,1
7265585005022203137,ai,combined_video_dataset,0.0092690677966101,1
7269706309040131335,ai,combined_video_dataset,0.0079113185530921,1
7373989108105989384,ai,combined_video_dataset,0.0034338138925294,1
7451926074218401032,ai,combined_video_dataset,0.0203492567470053,1
7451943900132101394,ai,combined_video_dataset,0.0181668042939719,1
7456621620988316971,ai,combined_video_dataset,0.0147914645974781,1
7456631558435261738,ai,combined_video_dataset,0.0115721606877169,1
7457719920638299434,ai,combined_video_dataset,0.0281098121634047,1
7461714216785857834,real,combined_video_dataset,0.0354374307862679,1
7462864410416270638,real,combined_video_dataset,0.0597958191541079,1
7463517853774417198,ai,combined_video_dataset,0.0117227319062181,1
7465128290244742442,ai,combined_video_dataset,0.0110514042380614,1
7467316246883683626,ai,combined_video_dataset,0.0120645161290322,1
7467332486868143406,ai,combined_video_dataset,0.0032335329341317,1
7470340851508694318,real,combined_video_dataset,0.1166532582461786,1
7471761326591823146,real,combined_video_dataset,0.0295630461922596,1
7472937093103177002,real,combined_video_dataset,0.0265330188679245,1
7473601847912090926,real,combined_video_dataset,0.079225352112676,1
7474704078417775894,real,combined_video_dataset,0.0308219178082191,1
7479280487375047958,real,combined_video_dataset,0.0350712678169542,1
7480594015923064107,real,combined_video_dataset,0.0777866880513231,1
7482437649207250198,real,combined_video_dataset,0.0269799825935596,1
7485083534210927918,real,combined_video_dataset,0.0663414634146341,1
7487038014884056366,real,combined_video_dataset,0.0174953959484346,1
7487213912732126510,real,combined_video_dataset,0.0548547961278967,1
7488951841976241430,real,combined_video_dataset,0.033044846577498,1
7489924174287490326,real,combined_video_dataset,0.0390532544378698,1
7490197905400417582,real,combined_video_dataset,0.0585990338164251,1
7490912693637877038,real,combined_video_dataset,0.0403325123152709,1
7492495280684813611,real,combined_video_dataset,0.0311538461538461,1
7496943419483278635,real,combined_video_dataset,0.0062264150943396,1
7497031519945526574,real,combined_video_dataset,0.0467775467775467,1
7497303818070248750,real,combined_video_dataset,0.1423275306254029,1
7499591201310379306,real,combined_video_dataset,0.0071203336384904,1
7506648933209345322,real,combined_video_dataset,0.0426695842450765,1
7506731868730150190,real,combined_video_dataset,0.0339976553341148,1
7509628335543094571,real,combined_video_dataset,0.0280608245806552,1
7509681180078476590,real,combined_video_dataset,0.0584329349269588,1
7510302983050120494,real,combined_video_dataset,0.0958316022711535,1
7512300068234464534,real,combined_video_dataset,0.0258064516129032,1
7512821900368760106,real,combined_video_dataset,0.0261834939254294,1
7513299015258082582,real,combined_video_dataset,0.0116763969974979,1
7513438784013503746,real,combined_video_dataset,0.010828025477707,1
7514090813270396182,real,combined_video_dataset,0.0168334849863512,1
7514408212188138794,ai,combined_video_dataset,0.0056951423785594,1
7515925973037059371,ai,combined_video_dataset,0.0111904761904761,1
7515965875174771990,real,combined_video_dataset,0.0200573065902578,1
7516281594814942486,real,combined_video_dataset,0.0128112158569011,1
7516381596509900078,ai,combined_video_dataset,0.0136694677871148,1
7516637350072470798,ai,combined_video_dataset,0.0105281690140845,1
7516760670101179661,ai,combined_video_dataset,0.0092857142857142,1
7516955006088613175,ai,combined_video_dataset,0.0067558528428093,1
7517363824454831415,real,combined_video_dataset,0.0198814229249011,1
7517658258698439991,real,combined_video_dataset,0.0488354620586025,1
7517757948110671159,ai,combined_video_dataset,0.0180833333333333,1
7517780483581693197,ai,combined_video_dataset,0.0115853658536585,1
7520744668934524174,real,combined_video_dataset,0.0067326732673267,1
7521152925570206990,ai,combined_video_dataset,0.0253164556962025,1
7521155423680908558,ai,combined_video_dataset,0.0227479526842584,1
7521165149126855950,ai,combined_video_dataset,0.0130365268724634,1
7521176405971946765,ai,combined_video_dataset,0.0555555555555555,1
7521520269064817975,real,combined_video_dataset,0.042910447761194,1
7522645318085643575,real,combined_video_dataset,0.0616216216216216,1
7522926821583719735,real,combined_video_dataset,0.0068270481144343,1
7524539648954207496,ai,combined_video_dataset,0.0241371531694112,1
7524933320296107319,real,combined_video_dataset,0.0812154696132596,1
7525293677674007816,ai,combined_video_dataset,0.0234933605720122,1
7525298608472739086,real,combined_video_dataset,0.0479638009049773,1
7525562997192822071,real,combined_video_dataset,0.0256953642384105,1
7527882715241155854,real,combined_video_dataset,0.0598434004474272,1
7529306237012413751,real,combined_video_dataset,0.0251424740194435,1
7534729098552266039,real,combined_video_dataset,0.059973924380704,1
7536618017220742413,real,combined_video_dataset,0.0643274853801169,1
7536684898912865550,real,combined_video_dataset,0.0372807017543859,1
7546353339655539982,real,combined_video_dataset,0.0096949633483092,1
7550410027597696269,real,combined_video_dataset,0.0035884353741496,1
7551636497116482829,real,combined_video_dataset,0.028681920721882,1
7552986467702787383,real,combined_video_dataset,0.07687959299039,1
7556341035450846519,real,combined_video_dataset,0.022258414766558,1
7558499012614049079,real,combined_video_dataset,0.0315366972477064,1
7559000300493786423,real,combined_video_dataset,0.0457963089542036,1
7559001576057212174,real,combined_video_dataset,0.0947136563876652,1
7559661143694920974,real,combined_video_dataset,0.0988274706867671,1
7559765010977672462,real,combined_video_dataset,0.0888252148997134,1
7560172424734559543,real,combined_video_dataset,0.0701065619742007,1
7562327491810004237,real,combined_video_dataset,0.0587121212121212,1
7563476980486737166,real,combined_video_dataset,0.0491551459293394,1
7564790156624973069,real,combined_video_dataset,0.0579603815113719,1
7565671642467142925,real,combined_video_dataset,0.0489560835133189,1
7566321004247518478,real,combined_video_dataset,0.0507246376811594,1
7566467293836791053,real,combined_video_dataset,0.0767590618336887,1
7567423930361793847,real,combined_video_dataset,0.0531622364802933,1
7569062075532659981,real,combined_video_dataset,0.0679963735267452,1
7571316412438924558,real,combined_video_dataset,0.0533629794330183,1
7572263213379636493,real,combined_video_dataset,0.0570884871550903,1
7574971769090542903,real,combined_video_dataset,0.0243214663376806,1
7575349966638419255,real,combined_video_dataset,0.0511296076099881,1
7579052280859626807,real,combined_video_dataset,0.0354025218234723,1
7579347487303961870,real,combined_video_dataset,0.0192967409948542,1
7579789434795740430,real,combined_video_dataset,0.0620567375886524,1
7580025735025347895,real,combined_video_dataset,0.0457227138643067,1
7582000046812564767,real,combined_video_dataset,0.0151911995809324,1
7584504317059648823,real,combined_video_dataset,0.0513950073421439,1
7585333723441171767,real,combined_video_dataset,0.0483349191246431,1
7586016964758326541,real,combined_video_dataset,0.0228034875922199,1
7586800922932546829,real,combined_video_dataset,0.01084375,1
7587215128550968631,real,combined_video_dataset,0.0629067245119305,1
7587551817429519630,real,combined_video_dataset,0.0431472081218274,1
7590157423290125582,real,combined_video_dataset,0.0380589914367269,1
7561220858115542327,real,real_raw_video_dataset,0.033995956873315365,40
7590157749418347831,real,real_raw_video_dataset,0.041728045325779034,29
7537722211973500174,real,real_raw_video_dataset,0.060523123578468535,23
7534803885714722062,real,real_raw_video_dataset,0.03569124423963134,22
7575688299285728526,real,real_raw_video_dataset,0.05130965195550771,20
7507776321662127406,real,real_raw_video_dataset,0.035256410256410256,12
7571568982323367182,real,real_raw_video_dataset,0.04842259721203228,10
7462479287929654574,real,real_raw_video_dataset,0.044655172413793104,9
7537311024018509111,real,real_raw_video_dataset,0.046893203883495146,9
7573749027381054734,real,real_raw_video_dataset,0.05889281507656066,8
7554083129233771831,real,real_raw_video_dataset,0.04059322033898305,7
7532268492318346518,real,real_raw_video_dataset,0.025824175824175823,5
7546457207001320718,real,real_raw_video_dataset,0.024170403587443948,5
7547396423378078989,real,real_raw_video_dataset,0.033742745309758404,5
7578976964178939150,real,real_raw_video_dataset,0.0167331702921869,5
7588251496576322871,real,real_raw_video_dataset,0.06692913385826772,5
7553785296270216503,real,real_raw_video_dataset,0.05815831987075929,4
7561274733405228343,real,real_raw_video_dataset,0.05793650793650794,4
7485467874119798062,real,real_raw_video_dataset,0.05091258405379443,3
7559780588761222413,real,real_raw_video_dataset,0.021912350597609563,3
7479955784172965142,real,real_raw_video_dataset,0.025373134328358207,2
7561224027239370039,real,real_raw_video_dataset,0.04112718964204113,2
7490653617582607662,real,real_raw_video_dataset,0.06346967559943582,1
7522460858199313677,real,real_raw_video_dataset,0.037639007698887936,1
7553116638317514039,real,real_raw_video_dataset,0.018256503879507075,1
7554160608552209677,real,real_raw_video_dataset,0.08810172570390554,1
7559282666210659639,real,real_raw_video_dataset,0.028379387602688575,1
7559698377374567694,real,real_raw_video_dataset,0.07798617966436328,1
