video_id,Typ,video_engagement_rate,comment_count,dominant_comment_emotion,emotion_unique_labels_mean,emotion_unique_labels_median
6857638022805032197,KI,,195,neutral,2.0307692307692307,2.0
6869412214848163077,Real,,61,neutral,2.2131147540983607,2.0
6988896764241693958,KI,0.042538596491228,628,neutral,1.9697452229299364,2.0
7014140703680826629,Real,,701,neutral,2.0328102710413694,2.0
7021870483289230593,KI,0.1331744047619047,271,neutral,2.003690036900369,2.0
7027954993026190598,KI,0.1074497709923664,1452,neutral,1.856749311294766,2.0
7034987201482001670,KI,0.0518860630722278,19,neutral,2.0526315789473686,2.0
7040984071631228206,Real,,853,neutral,2.2356389214536927,2.0
7048698807009185029,KI,0.060100625,12,neutral,2.0833333333333335,2.0
7058374333034417454,KI,0.0369081942336874,24,neutral,2.3333333333333335,2.5
7059092437528071471,KI,0.0613831544178365,27,neutral,1.8148148148148149,2.0
7059849932324474158,KI,0.0618344308560677,104,neutral,2.076923076923077,2.0
7060968108764335407,KI,0.0402633593630378,100,neutral,1.9,2.0
7061690918969085230,KI,0.0776366288856469,248,neutral,1.9879032258064515,2.0
7063373274067062017,KI,0.0222625413801884,27,neutral,1.6666666666666667,1.0
7063545368272784686,KI,0.1614980459770115,866,neutral,1.9688221709006928,2.0
7064671029658029358,KI,0.0648676373262739,139,neutral,1.935251798561151,2.0
7068736017146268974,KI,0.0799574736842105,1117,neutral,2.063563115487914,2.0
7071340739317304618,KI,0.0557722627737226,89,neutral,2.1797752808988764,2.0
7071422796101913857,KI,0.0313629893238434,55,neutral,1.9090909090909092,2.0
7073561622878555438,KI,0.0532309746328437,122,neutral,1.959016393442623,2.0
7073932602607963434,KI,0.0285126964933494,62,neutral,2.064516129032258,2.0
7076528856567434539,KI,0.0161349924585218,67,neutral,2.1492537313432836,2.0
7081718655926422826,KI,0.0453811303658398,214,neutral,2.0654205607476634,2.0
7086905112345562410,KI,0.0864618486681523,235,neutral,1.9404255319148935,2.0
7089937848161373483,KI,0.098314,200,neutral,2.165,2.0
7091167548951039234,KI,0.0779916666666666,499,neutral,1.6452905811623246,1.0
7093927006533946667,KI,0.0261652631578947,253,neutral,1.9565217391304348,2.0
7097296910565788971,KI,0.0142852631578947,223,neutral,2.008968609865471,2.0
7104209958211783937,KI,0.1142581621621621,157,neutral,1.9426751592356688,2.0
7105090679080176942,KI,0.0632993960310612,75,neutral,1.7733333333333334,2.0
7109034472296762626,KI,0.1490505882352941,285,neutral,1.8210526315789475,2.0
7113276045846924590,KI,0.0384396586753352,32,neutral,1.875,2.0
7120704751108394283,KI,0.0182540650406504,21,neutral,2.3333333333333335,2.0
7123275140133162282,KI,0.0175278969957081,6,admiration,1.8333333333333333,1.5
7129589619099847982,KI,0.12076568,1941,neutral,1.998454404945904,2.0
7133302400613387563,KI,0.0313249674054758,101,neutral,1.7821782178217822,1.0
7134748542215769387,KI,0.04090882567469,167,neutral,1.9580838323353293,2.0
7155513445545233710,KI,0.0356459045636985,63,neutral,2.0793650793650795,2.0
7161140074241854762,KI,0.0091658520690778,23,neutral,2.3043478260869565,2.0
7208351443193974062,Real,,1787,admiration,1.9888080581980974,2.0
7247819725307235585,KI,0.04214,3,admiration,1.6666666666666667,1.0
7250057782081129729,KI,0.0164234875444839,1,gratitude,1.0,1.0
7254485954264714497,KI,0.0134093319194061,1,curiosity,3.0,3.0
7258222058293710088,KI,0.017940506498727,9,neutral,2.0,2.0
7264794171762871554,KI,0.0098391728891441,1,love,1.0,1.0
7265585005022203137,KI,0.0092690677966101,1,curiosity,3.0,3.0
7269706309040131335,KI,0.0079113185530921,1,admiration,3.0,3.0
7278270792926842120,KI,0.0075989617131732,21,neutral,1.380952380952381,1.0
7280943851567697195,KI,0.0043732970027247,20,neutral,2.05,2.0
7296552506522422571,KI,0.0188724668596678,23,neutral,1.608695652173913,1.0
7311811419190742314,KI,0.0111694790902421,43,neutral,1.7674418604651163,1.0
7314430173691055406,KI,,55,neutral,2.090909090909091,2.0
7320000759762881824,Real,,357,neutral,1.9523809523809523,2.0
7329613458889051435,KI,0.0145626666666666,79,neutral,2.278481012658228,2.0
7351107714254114091,KI,,49,neutral,1.7959183673469388,2.0
7358269399616343338,KI,0.0065530769230769,30,neutral,2.1,2.0
7364519121855319339,Real,,62,neutral,1.7096774193548387,2.0
7365336124853701930,KI,,442,neutral,2.020361990950226,2.0
7371613331704139040,Real,,1412,neutral,2.1147308781869687,2.0
7372983838735355182,KI,0.009844148864705,17,neutral,1.9411764705882353,2.0
7373989108105989384,KI,0.0034338138925294,1,gratitude,1.0,1.0
7376322849470139694,KI,0.0101953125,74,neutral,1.8783783783783783,2.0
7376585934306856210,KI,0.0074860574860574,2,neutral,1.5,1.5
7376843667564137745,KI,0.0079447765442641,5,neutral,1.8,2.0
7383032827526450478,Real,,170,neutral,1.776470588235294,2.0
7390001726511729927,KI,0.0410855117412494,46,neutral,2.152173913043478,2.0
7396915859618270481,KI,0.0109329993738259,12,neutral,1.8333333333333333,2.0
7398815571829083413,KI,0.0152549575070821,7,neutral,2.4285714285714284,3.0
7440921040743566623,Real,,3,curiosity,2.0,2.0
7442392077616401694,Real,,2,admiration,2.0,2.0
7447604715757522219,Real,,3,neutral,2.3333333333333335,2.0
7447883269003103496,KI,0.028816199376947,3,neutral,1.3333333333333333,1.0
7450380458958867719,KI,0.0262120952544115,3,admiration,1.6666666666666667,2.0
7451348734920707370,Real,,5,admiration,1.6,2.0
7451435297042107650,Real,,2,excitement,3.0,3.0
7451924102329175314,KI,0.0364413680781759,2,disgust,2.0,2.0
7451924522468379922,KI,0.0292109256449165,4,neutral,1.5,1.5
7451925102318472455,KI,0.0258186397984886,2,disapproval,2.5,2.5
7451926074218401032,KI,0.0203492567470053,1,neutral,2.0,2.0
7451943900132101394,KI,0.0181668042939719,1,neutral,3.0,3.0
7452207304780303624,KI,0.0144094488188976,4,neutral,1.5,1.5
7452207597907676424,KI,0.017726929846618,2,curiosity,3.0,3.0
7454635714408418603,Real,,19,neutral,2.473684210526316,3.0
7454642681940167958,Real,,1,neutral,2.0,2.0
7455471375810170154,Real,0.0315126050420168,2,approval,3.0,3.0
7456515146505293102,KI,0.0191355777979981,105,neutral,2.1904761904761907,2.0
7456527272992836907,KI,0.0193230277185501,3,neutral,1.6666666666666667,2.0
7456621620988316971,KI,0.0147914645974781,1,curiosity,2.0,2.0
7456631558435261738,KI,0.0115721606877169,1,love,1.0,1.0
7456701149144517910,Real,0.0174793008279668,2,excitement,2.0,2.0
7456839506671553835,KI,0.0094061232017705,8,neutral,1.75,2.0
7457247174624202030,Real,0.0157792207792207,5,neutral,2.4,2.0
7457703235772484910,KI,0.0059184104840414,2,annoyance,2.0,2.0
7457710742150614315,KI,0.0130790190735694,5,neutral,1.8,2.0
7457719920638299434,KI,0.0281098121634047,1,amusement,2.0,2.0
7458155194036096302,Real,0.0415824429685244,4,neutral,1.5,1.0
7459430513657318699,Real,0.0311206896551724,2,admiration,3.0,3.0
7459461228566596910,Real,0.0540509259259259,41,admiration,1.853658536585366,2.0
7459847535457291562,Real,0.0652075176194205,30,neutral,2.033333333333333,2.0
7459923178039856430,Real,0.0958944444444444,376,neutral,2.077127659574468,2.0
7460192241340943659,Real,0.0182377049180327,16,admiration,1.8125,2.0
7460621292568317226,Real,0.0137945205479452,21,neutral,2.5238095238095237,3.0
7461317414437932330,Real,0.0406829268292682,6,sadness,2.3333333333333335,2.0
7461714216785857834,Real,0.0354374307862679,1,love,1.0,1.0
7462088004493118766,KI,0.0238234263692631,2,excitement,3.5,3.5
7462088629087718702,Real,0.0222033898305084,3,neutral,1.3333333333333333,1.0
7462096870652038446,KI,0.0069930069930069,2,approval,1.5,1.5
7462119210286615850,KI,0.0218148148148148,26,neutral,2.4615384615384617,2.0
7462197167428603179,KI,,1,amusement,2.0,2.0
7462479287929654574,Real,,9,neutral,2.111111111111111,2.0
7462506452507184427,Real,0.0264987405541561,21,curiosity,3.0476190476190474,3.0
7462864410416270638,Real,0.0597958191541079,1,admiration,1.0,1.0
7462939001297816878,KI,0.0113255702663901,3,amusement,2.0,2.0
7463198022399282478,Real,0.0238641686182669,10,admiration,1.6,2.0
7463517853774417198,KI,0.0117227319062181,1,amusement,3.0,3.0
7463523561366359342,KI,0.0095008294374905,4,curiosity,2.5,3.0
7463583382719728942,Real,0.0007951639344262,29,neutral,1.9310344827586208,2.0
7463985618612178222,KI,0.0115734720416124,5,neutral,2.0,2.0
7463996604752678186,KI,0.0113290291143866,8,neutral,2.0,2.0
7464645539007647018,Real,0.0181818181818181,9,admiration,2.3333333333333335,2.0
7464709305665703210,Real,0.0010262790697674,23,neutral,2.217391304347826,2.0
7465128290244742442,KI,0.0110514042380614,1,neutral,2.0,2.0
7465413499645218094,Real,0.0402522935779816,5,admiration,2.0,2.0
7465458090528345387,Real,0.0347435897435897,5,admiration,2.8,3.0
7465789372588199211,Real,0.0676913981673071,6,neutral,1.6666666666666667,1.5
7465830604538449194,KI,0.0055252737013743,15,neutral,1.8666666666666667,2.0
7467202100674497834,KI,0.0082882882882882,6,neutral,1.8333333333333333,2.0
7467249232857025835,KI,0.0114937483373237,172,neutral,2.25,2.0
7467316246883683626,KI,0.0120645161290322,1,neutral,2.0,2.0
7467332486868143406,KI,0.0032335329341317,1,admiration,3.0,3.0
7467604102701239598,Real,0.0258241758241758,9,gratitude,1.7777777777777777,2.0
7467960260712697134,KI,0.000954,31,neutral,2.2903225806451615,2.0
7468000059850837294,Real,0.0317260273972602,2,curiosity,2.0,2.0
7468152917858602283,Real,0.0407070707070707,11,neutral,1.7272727272727273,2.0
7468399838720314666,Real,0.1208722741433021,16,love,1.8125,2.0
7468434752580865326,KI,,3,curiosity,3.0,3.0
7468869871623834922,KI,0.01324200913242,6,neutral,2.1666666666666665,2.0
7468875175799524654,KI,,4,neutral,2.25,2.0
7469196987116670250,Real,0.0514504652435686,3,neutral,3.0,3.0
7469504044273274158,KI,0.0054732510288065,3,neutral,1.3333333333333333,1.0
7469860128582307115,KI,0.0073928571428571,4,neutral,2.25,2.0
7469886326956150062,Real,0.0282128829536527,23,curiosity,2.739130434782609,3.0
7469898764795563310,Real,0.0445229681978798,2,admiration,1.5,1.5
7470340851508694318,Real,0.1166532582461786,1,love,1.0,1.0
7470357308040678702,KI,0.0028307692307692,5,neutral,1.4,1.0
7470606140368227627,Real,0.03153125,26,neutral,1.7692307692307692,2.0
7470634958445448491,Real,0.0492405063291139,18,approval,2.1666666666666665,2.0
7471332308839189806,Real,0.0158267716535433,6,admiration,1.8333333333333333,1.0
7471366999596125486,KI,0.0020405882352941,100,neutral,2.28,2.0
7471466629080141078,Real,0.0248015873015873,2,excitement,2.5,2.5
7471761326591823146,Real,0.0295630461922596,1,joy,3.0,3.0
7471789639573966126,KI,0.0073267326732673,2,curiosity,2.0,2.0
7472095166342647086,Real,0.0588734486050705,14,neutral,2.2857142857142856,2.0
7472501577199242538,Real,0.0416766467065868,14,caring,2.357142857142857,2.0
7472781587382504750,Real,0.065398335315101,2,curiosity,2.0,2.0
7472937093103177002,Real,0.0265330188679245,1,neutral,2.0,2.0
7472947046647926038,Real,0.032,4,admiration,3.25,3.5
7473171580592606510,Real,0.0296633303002729,16,neutral,1.5625,1.0
7473245658015878446,Real,0.0274324324324324,6,approval,2.6666666666666665,3.0
7473357046927133974,Real,0.1011349036402569,92,neutral,2.108695652173913,2.0
7473601847912090926,Real,0.079225352112676,1,love,1.0,1.0
7473917056396594475,Real,0.0378787878787878,7,admiration,1.8571428571428572,2.0
7474704078417775894,Real,0.0308219178082191,1,approval,2.0,2.0
7475110315940646186,Real,0.0157995711544972,3,admiration,2.0,2.0
7475454094002474262,Real,0.0346153846153846,7,annoyance,2.857142857142857,3.0
7475539253410155798,Real,0.038972602739726,16,neutral,2.125,2.0
7475548077290507563,Real,0.0356950672645739,8,joy,2.5,3.0
7475785562264243502,Real,0.0255414012738853,6,neutral,1.8333333333333333,2.0
7476209407043456299,Real,0.0092781316348195,13,love,1.8461538461538463,2.0
7476490566893620522,Real,0.075867635189669,4,neutral,2.25,2.0
7478037150966058282,Real,0.1051117824773413,32,curiosity,2.28125,2.5
7478090453343096107,Real,0.0249377593360995,12,admiration,2.1666666666666665,2.0
7478363873192447275,Real,0.0266467065868263,5,admiration,1.2,1.0
7478739641642962222,Real,0.0008810389610389,4,curiosity,2.25,2.0
7478862129051782422,Real,0.0791369047619047,63,neutral,2.5238095238095237,2.0
7479280487375047958,Real,0.0350712678169542,1,neutral,1.0,1.0
7479459448231202094,Real,0.0630275229357798,3,neutral,1.0,1.0
7479955784172965142,Real,,2,excitement,2.0,2.0
7480272734904225070,Real,0.0438829787234042,8,neutral,1.875,2.0
7480594015923064107,Real,0.0777866880513231,1,curiosity,3.0,3.0
7480612345459395886,Real,0.0157416267942583,13,curiosity,1.9230769230769231,2.0
7481483485182496022,Real,0.0366480691390438,11,neutral,2.272727272727273,3.0
7481732510712483094,Real,0.0156569094622191,2,admiration,1.0,1.0
7481766344719879467,Real,0.023076923076923,8,admiration,1.625,1.5
7482022082549763374,Real,0.0597140454163162,2,admiration,1.5,1.5
7482437649207250198,Real,0.0269799825935596,1,love,3.0,3.0
7482453076884868394,Real,0.0617283950617283,2,approval,2.0,2.0
7482542362904825130,Real,0.0222401474994238,2,admiration,2.0,2.0
7482873020319599918,Real,0.0265635738831615,13,curiosity,2.1538461538461537,3.0
7483153706779790638,Real,0.050928270042194,4,caring,2.25,2.0
7483899443067227438,Real,0.0430894308943089,5,curiosity,1.6,1.0
7484006046449831214,Real,0.0516326530612244,22,neutral,2.0454545454545454,2.0
7484363148368071978,Real,0.0959132610508757,4,excitement,1.5,1.5
7484728261746986286,Real,0.0222085889570552,29,neutral,2.3448275862068964,2.0
7484754839931538730,Real,0.0826446280991735,2,love,1.5,1.5
7485076619061660950,Real,0.0200190657769304,2,love,3.0,3.0
7485083534210927918,Real,0.0663414634146341,1,desire,3.0,3.0
7485105763690499374,Real,0.0542264752791068,3,love,1.6666666666666667,2.0
7485467874119798062,Real,,3,admiration,2.6666666666666665,3.0
7486189426243112238,Real,0.0224874371859296,5,curiosity,2.6,3.0
7486247110992563498,Real,0.0049127906976744,8,curiosity,2.75,3.0
7486563588908387626,Real,0.03125,9,sadness,2.6666666666666665,3.0
7487038014884056366,Real,0.0174953959484346,1,sadness,1.0,1.0
7487213912732126510,Real,0.0548547961278967,1,love,3.0,3.0
7487319886759251243,Real,0.0490634441087613,9,neutral,2.0,2.0
7487612560997649710,Real,0.0330703374181635,3,admiration,1.0,1.0
7488005058433404206,Real,0.0110619469026548,3,neutral,1.3333333333333333,1.0
7488206695714376982,Real,0.0223009313918404,5,admiration,2.2,3.0
7488447079543573806,Real,0.0452258064516129,5,neutral,1.4,1.0
7488784573929655595,Real,0.0814184529356943,48,neutral,2.3958333333333335,2.0
7488951841976241430,Real,0.033044846577498,1,neutral,2.0,2.0
7489112044579491118,Real,0.0089922480620155,4,neutral,1.25,1.0
7489924174287490326,Real,0.0390532544378698,1,love,3.0,3.0
7490197905400417582,Real,0.0585990338164251,1,admiration,2.0,2.0
7490278498326809902,Real,0.0423214285714285,26,neutral,2.230769230769231,2.0
7490653617582607662,Real,,1,curiosity,3.0,3.0
7490912693637877038,Real,0.0403325123152709,1,excitement,1.0,1.0
7491014852710960407,Real,0.0456692913385826,2,admiration,2.5,2.5
7491097821064482070,Real,0.0366901408450704,46,neutral,2.347826086956522,2.0
7491303306619456814,Real,0.0223214285714285,3,anger,2.0,1.0
7491344142484786454,Real,0.0422943722943722,93,neutral,2.182795698924731,2.0
7491713457146875158,Real,0.0731637717121588,250,neutral,1.868,2.0
7491798137116495127,Real,0.0464037122969837,12,admiration,1.8333333333333333,1.5
7492495280684813611,Real,0.0311538461538461,1,curiosity,3.0,3.0
7492591003665222934,Real,0.0390693590869183,11,neutral,1.7272727272727273,1.0
7492622359539567914,Real,0.0483746130030959,2,neutral,1.5,1.5
7492982129710632238,Real,0.0631366723259762,5,neutral,1.6,2.0
7493273148360510763,Real,0.0101980198019801,3,love,2.0,2.0
7493580768204229934,Real,0.0949618320610687,6,neutral,2.1666666666666665,2.0
7494255754568879403,Real,0.048099173553719,23,sadness,2.0,2.0
7494659833673567530,Real,0.0677731673582296,3,admiration,1.0,1.0
7495072453278993710,Real,0.0114563106796116,2,approval,1.5,1.5
7495440126349184298,Real,0.0225210084033613,4,admiration,2.0,2.0
7495446182601264427,Real,0.0985915492957746,4,neutral,1.75,1.5
7496152241867623726,Real,0.0284016824395373,6,neutral,2.5,2.5
7496240734912171306,Real,0.0718562874251497,2,admiration,2.5,2.5
7496568271907540270,Real,0.035747696669029,45,neutral,2.3777777777777778,3.0
7496908284599749910,Real,0.0226608187134502,2,curiosity,4.5,4.5
7496943419483278635,Real,0.0062264150943396,1,gratitude,1.0,1.0
7497025482790128939,Real,0.0341274238227146,4,disappointment,2.5,2.5
7497031519945526574,Real,0.0467775467775467,1,admiration,1.0,1.0
7497303818070248750,Real,0.1423275306254029,1,love,1.0,1.0
7497717866691579179,Real,0.0760772805086818,29,neutral,2.2758620689655173,2.0
7498003490615184682,Real,0.1200372972972973,218,neutral,2.1192660550458715,2.0
7498016904087522606,Real,0.0315075133301017,2,desire,1.0,1.0
7498477770964471083,Real,0.0061946902654867,5,admiration,1.8,2.0
7498502516993199403,Real,0.0939565627950897,4,admiration,2.25,1.5
7499146256774614318,Real,0.0765027322404371,2,love,2.0,2.0
7499173645273632046,Real,0.0401650165016501,20,curiosity,2.8,3.0
7499585885634088235,Real,0.0144148936170212,11,admiration,1.5454545454545454,1.0
7499591201310379306,Real,0.0071203336384904,1,admiration,1.0,1.0
7499632633089903894,Real,0.0246913580246913,4,neutral,2.0,2.0
7499948772949052703,KI,,10,neutral,1.7,1.0
7500286370909293870,Real,0.0319496855345911,7,caring,2.857142857142857,3.0
7500322639446035734,Real,0.0164437354276598,3,curiosity,3.0,3.0
7500687358904290603,Real,0.0318696883852691,105,curiosity,2.6476190476190475,3.0
7501127765278592299,Real,0.0719775347324859,7,admiration,1.7142857142857142,2.0
7501406299788168490,Real,0.0745216515609264,3,neutral,1.3333333333333333,1.0
7501425734402018591,KI,0.0313015789473684,197,neutral,2.1776649746192893,2.0
7501898586729352491,Real,0.0671108995716325,3,admiration,1.6666666666666667,1.0
7502085413587242282,Real,0.0376551133932391,2,admiration,2.0,2.0
7502431104868191534,Real,0.0387382401770891,4,neutral,1.25,1.0
7502520353323863326,Real,0.0106345089903181,16,neutral,2.0625,2.0
7502832167098060078,Real,0.0115570934256055,4,admiration,1.5,1.5
7503254306401930538,Real,0.023695518723143,3,neutral,2.6666666666666665,2.0
7503287135475191071,Real,0.0179692307692307,4,neutral,2.25,2.5
7503716075150773547,Real,0.0574857864813645,3,admiration,1.6666666666666667,1.0
7503977682472799519,Real,0.0155245746691871,16,amusement,1.875,2.0
7504011420049214762,Real,0.0164321608040201,9,curiosity,2.6666666666666665,2.0
7504321101728599339,Real,0.0893011216566005,7,curiosity,2.0,2.0
7504322408434666774,Real,0.0098998091603053,8,neutral,2.625,3.0
7504837878636088618,Real,0.0665938864628821,7,admiration,1.4285714285714286,1.0
7504857170811374891,Real,0.0559345156889495,3,neutral,1.3333333333333333,1.0
7505164620680760622,Real,0.0342105263157894,5,admiration,1.8,2.0
7505471981089738006,Real,0.0326566637246248,4,admiration,1.75,1.0
7505551351800433966,Real,0.0465573770491803,2,love,1.5,1.5
7505859646574349590,Real,0.0175159235668789,2,love,1.0,1.0
7506289943216459050,KI,0.0057204147300679,2,curiosity,2.0,2.0
7506290694378753326,KI,0.0080392156862745,13,neutral,1.9230769230769231,2.0
7506648933209345322,Real,0.0426695842450765,1,neutral,2.0,2.0
7506731868730150190,Real,0.0339976553341148,1,admiration,3.0,3.0
7507064809809104171,Real,0.0511089681774349,3,admiration,1.6666666666666667,2.0
7507776321662127406,Real,,12,neutral,2.3333333333333335,2.0
7508126752489786670,Real,0.0209118541033434,3,neutral,3.3333333333333335,3.0
7508595352447061291,Real,0.0598019061857596,4,admiration,2.25,2.0
7509179013819026730,Real,0.0319546065402418,8,approval,1.5,1.0
7509628335543094571,Real,0.0280608245806552,1,approval,2.0,2.0
7509681180078476590,Real,0.0584329349269588,1,admiration,4.0,4.0
7510302983050120494,Real,0.0958316022711535,1,excitement,2.0,2.0
7510662905084284203,KI,0.0095351609058402,2,approval,2.0,2.0
7510728612769844526,Real,0.0564591977869986,68,neutral,2.0294117647058822,2.0
7510800594165108010,Real,0.0330081300813008,3,admiration,2.3333333333333335,3.0
7511054759613254958,Real,0.0389940661203729,12,admiration,1.9166666666666667,2.0
7511376567344303402,KI,,54,neutral,2.462962962962963,3.0
7511431131489766678,Real,0.0499485066941297,5,approval,2.0,2.0
7511522578217946414,KI,0.0081173899469247,4,neutral,2.25,2.5
7511747439297154350,Real,0.0378301886792452,3,curiosity,2.3333333333333335,2.0
7511762433342573867,Real,0.0074207407407407,28,admiration,1.7857142857142858,1.0
7511816260028714286,KI,,62,neutral,2.096774193548387,2.0
7511845401453006122,Real,0.0245205479452054,3,love,2.0,2.0
7511884044372675882,Real,0.093578826237054,8,neutral,2.0,1.5
7511941576940211478,Real,0.0283066132264529,6,neutral,1.8333333333333333,2.0
7512183654441946390,Real,0.0280866003510825,7,neutral,1.7142857142857142,1.0
7512300068234464534,Real,0.0258064516129032,1,neutral,1.0,1.0
7512478221342952750,Real,0.0528455284552845,2,admiration,2.5,2.5
7512565678709214510,KI,0.0058325,83,neutral,2.4819277108433737,3.0
7512582030551502122,Real,0.0260967741935483,8,neutral,1.75,2.0
7512643920539700526,Real,0.0528255528255528,4,admiration,2.75,2.5
7512821900368760106,Real,0.0261834939254294,1,neutral,2.0,2.0
7513240443446906155,KI,0.0142180094786729,3,neutral,1.3333333333333333,1.0
7513293613099617582,Real,0.0717351598173516,36,neutral,2.3333333333333335,2.0
7513299015258082582,Real,0.0116763969974979,1,admiration,1.0,1.0
7513420618172222742,Real,0.024173937920183,2,admiration,1.5,1.5
7513438784013503746,Real,0.010828025477707,1,love,2.0,2.0
7513744965122608430,KI,0.0024628034455755,27,neutral,1.8148148148148149,2.0
7514090813270396182,Real,0.0168334849863512,1,excitement,2.0,2.0
7514092308338625838,Real,0.0250272034820457,8,neutral,2.0,1.5
7514151176552877314,Real,0.0140132347216815,2,curiosity,3.0,3.0
7514352675211742506,KI,0.0095891304347826,99,neutral,2.0303030303030303,2.0
7514393787867712790,Real,0.0270185359723531,7,admiration,2.4285714285714284,2.0
7514407478319287598,KI,0.0109638357061037,3,admiration,1.3333333333333333,1.0
7514408212188138794,KI,0.0056951423785594,1,neutral,1.0,1.0
7514727131419610414,Real,0.0335533553355335,5,admiration,2.0,2.0
7514749351839665454,Real,0.0294444444444444,4,approval,2.75,3.0
7514822041409834262,Real,0.0060043049733771,8,neutral,2.125,2.0
7514848264022347054,KI,0.0051647909967845,10,neutral,2.4,2.0
7515164038700125486,KI,,10,neutral,2.3,2.0
7515484229472505134,Real,0.05625,3,admiration,3.0,3.0
7515498238431055146,Real,0.0435769405356332,3,admiration,2.0,2.0
7515523805687696683,Real,0.0582785602503912,29,neutral,2.310344827586207,2.0
7515526310966431022,KI,0.0080854750216575,5,approval,2.4,3.0
7515528496903458090,KI,0.0040741495212874,4,neutral,1.25,1.0
7515820474983730478,Real,0.0287826086956521,8,admiration,1.625,1.5
7515909476403252522,Real,0.0380864197530864,5,neutral,2.2,2.0
7515922372151528750,KI,0.0238475177304964,102,neutral,2.196078431372549,2.0
7515925552549678378,KI,0.0130379746835443,3,neutral,1.3333333333333333,1.0
7515925973037059371,KI,0.0111904761904761,1,curiosity,3.0,3.0
7515933454010191150,KI,0.1861010588392976,384,neutral,2.1119791666666665,2.0
7515962835751685422,KI,0.1286768421052631,159,neutral,2.1320754716981134,2.0
7515965875174771990,Real,0.0200573065902578,1,sadness,3.0,3.0
7516032103390203178,KI,0.0204470588235294,3,admiration,1.6666666666666667,1.0
7516227742682139950,KI,0.0503204047217537,5,neutral,2.2,2.0
7516228198313610539,KI,0.0277650429799426,5,amusement,1.8,2.0
7516241082754010414,KI,0.0105438066465256,3,neutral,1.0,1.0
7516243181650988334,KI,0.0119058823529411,2,neutral,1.0,1.0
7516244049251208494,KI,0.012039312039312,3,amusement,2.3333333333333335,2.0
7516270844784577838,Real,0.0477718550106609,87,neutral,2.4827586206896552,2.0
7516281594814942486,Real,0.0128112158569011,1,neutral,2.0,2.0
7516368375967206698,KI,0.0103394255874673,6,neutral,2.6666666666666665,2.5
7516376664570416426,KI,0.0108024691358024,2,neutral,3.0,3.0
7516381596509900078,KI,0.0136694677871148,1,neutral,1.0,1.0
7516394505831075114,KI,0.0155405405405405,3,anger,2.6666666666666665,2.0
7516395955562859819,KI,0.0344075829383886,4,neutral,2.0,2.0
7516564086872624397,KI,0.0065510597302504,4,neutral,1.5,1.5
7516637350072470798,KI,0.0105281690140845,1,neutral,2.0,2.0
7516731678304292109,KI,0.0246938775510204,4,neutral,1.75,2.0
7516759679905680653,KI,0.0572405660377358,9,amusement,1.7777777777777777,2.0
7516760670101179661,KI,0.0092857142857142,1,admiration,1.0,1.0
7516778187758587149,Real,0.093076923076923,17,approval,2.4705882352941178,3.0
7516807932730674446,KI,0.0136734693877551,4,neutral,1.25,1.0
7516955006088613175,KI,0.0067558528428093,1,curiosity,3.0,3.0
7516986883566554399,Real,0.0136146272855133,3,desire,2.0,2.0
7516996543631740174,KI,0.0141503267973856,3,admiration,2.0,2.0
7517018723115453710,Real,0.0264179104477611,4,curiosity,3.0,3.0
7517330262225620246,Real,0.0193192272309107,2,approval,3.0,3.0
7517363824454831415,Real,0.0198814229249011,1,neutral,1.0,1.0
7517412027267157261,Real,0.0170178282009724,6,curiosity,2.5,3.0
7517658258698439991,Real,0.0488354620586025,1,neutral,1.0,1.0
7517668450764852535,KI,0.0088927637314734,3,curiosity,3.0,3.0
7517670042108972302,KI,0.0118832731648616,2,curiosity,1.0,1.0
7517679263798103309,KI,,3,curiosity,2.6666666666666665,3.0
7517686652374977847,KI,,9,neutral,2.4444444444444446,2.0
7517719281698671886,Real,0.0386842105263157,3,love,2.6666666666666665,3.0
7517742989817498935,KI,0.0584909747292418,21,neutral,2.4285714285714284,2.0
7517753507311635726,Real,0.0429864253393665,7,neutral,1.4285714285714286,1.0
7517757948110671159,KI,0.0180833333333333,1,neutral,1.0,1.0
7517758846761225527,KI,0.0203311258278145,2,approval,3.5,3.5
7517774065457728782,KI,0.0197380952380952,6,curiosity,2.5,2.5
7517780483581693197,KI,0.0115853658536585,1,neutral,2.0,2.0
7517830042206899469,KI,0.020509977827051,10,neutral,1.7,2.0
7517913347971353878,Real,0.093090909090909,203,neutral,2.3793103448275863,2.0
7518219680285232397,KI,0.0143506493506493,3,amusement,1.6666666666666667,1.0
7518222079955602743,KI,0.0270555555555555,4,neutral,1.75,1.5
7518444560670805270,Real,0.0126877643284235,5,admiration,2.0,2.0
7518623565260885270,Real,0.0235901730876605,2,approval,3.0,3.0
7518948408011345207,KI,0.0240322580645161,4,neutral,1.75,2.0
7519235869920791821,Real,0.0640076824583866,20,neutral,1.9,2.0
7519268813393693966,Real,0.1917800131204898,124,neutral,1.6693548387096775,1.0
7519335359017274679,KI,0.0283606557377049,3,curiosity,1.6666666666666667,1.0
7519336027085999415,KI,0.021796875,6,neutral,2.1666666666666665,2.0
7519609560777149718,Real,0.0217495794280221,3,admiration,1.3333333333333333,1.0
7519944031648926998,Real,0.030820895522388,4,admiration,2.0,2.0
7520049050889080119,Real,0.087409420289855,2,love,1.0,1.0
7520275551416749326,Real,0.0686504829026363,2,neutral,1.5,1.5
7520357410104413454,Real,0.0647976878612716,15,approval,2.7333333333333334,3.0
7520462554389368086,Real,0.0215596330275229,11,neutral,2.6363636363636362,3.0
7520644568753196301,Real,0.0404896421845574,7,admiration,2.7142857142857144,2.0
7520665992100318519,Real,0.0581395348837209,2,love,2.5,2.5
7520666543957527822,KI,0.006099,41,neutral,1.7317073170731707,1.0
7520744668934524174,Real,0.0067326732673267,1,admiration,1.0,1.0
7521109672095452471,Real,0.1104591104734576,16,neutral,2.375,2.0
7521152925570206990,KI,0.0253164556962025,1,neutral,2.0,2.0
7521155423680908558,KI,0.0227479526842584,1,joy,2.0,2.0
7521157596263222542,KI,0.0329090909090909,2,love,1.0,1.0
7521165149126855950,KI,0.0130365268724634,1,neutral,4.0,4.0
7521165964478549262,KI,0.0324982392594828,3,neutral,1.0,1.0
7521176405971946765,KI,0.0555555555555555,1,surprise,4.0,4.0
7521177553156066573,KI,0.0166666666666666,2,neutral,2.0,2.0
7521188137482177847,KI,0.0239130434782608,6,admiration,1.8333333333333333,1.5
7521471271008308535,Real,0.072167487684729,3,admiration,1.6666666666666667,1.0
7521479634324606221,Real,0.0786227544910179,12,love,1.5,1.5
7521486299098778894,KI,0.0105825242718446,2,love,2.5,2.5
7521488514597276983,KI,0.0226959247648902,9,neutral,1.8888888888888888,2.0
7521490969468865847,KI,0.0099671052631578,15,love,2.2,2.0
7521520269064817975,Real,0.042910447761194,1,amusement,2.0,2.0
7521547859297078541,Real,0.0365217391304347,6,anger,2.5,3.0
7521758609311649038,Real,0.0514939605848696,2,admiration,3.0,3.0
7521932241715334422,Real,0.0062585034013605,4,caring,2.5,2.5
7522460858199313677,Real,,1,amusement,1.0,1.0
7522522552284007693,Real,0.043,2,amusement,2.0,2.0
7522645318085643575,Real,0.0616216216216216,1,admiration,2.0,2.0
7522913368491986189,Real,0.0431778929188255,2,admiration,1.5,1.5
7522926821583719735,Real,0.0068270481144343,1,neutral,3.0,3.0
7523206686132260151,Real,0.1162746234067207,98,admiration,2.2142857142857144,2.0
7523297699995700494,Real,0.0375882352941176,3,amusement,2.0,2.0
7524418720349834509,Real,0.0924203821656051,14,neutral,2.142857142857143,3.0
7524539648954207496,KI,0.0241371531694112,1,neutral,1.0,1.0
7524718203470236941,Real,0.1051020408163265,9,love,1.6666666666666667,1.0
7524933320296107319,Real,0.0812154696132596,1,love,1.0,1.0
7525168616736689421,Real,0.0492424242424242,15,neutral,2.466666666666667,2.0
7525293677674007816,KI,0.0234933605720122,1,neutral,1.0,1.0
7525298608472739086,Real,0.0479638009049773,1,caring,4.0,4.0
7525562997192822071,Real,0.0256953642384105,1,admiration,1.0,1.0
7525634912628591885,Real,0.0573507462686567,6,admiration,2.3333333333333335,2.5
7525915359585619213,Real,0.0088082901554404,2,admiration,1.5,1.5
7525932787287772471,Real,0.0576107899807321,9,neutral,1.8888888888888888,1.0
7526278142583950647,Real,0.067522999479257,9,neutral,2.4444444444444446,3.0
7526320359239339277,Real,0.0259948979591836,29,neutral,2.6551724137931036,3.0
7526714563346107655,KI,0.0135062128579146,2,fear,1.5,1.5
7526941223316114710,KI,0.1177037037037037,9,admiration,2.111111111111111,2.0
7527019952914664759,Real,0.0233555767397521,4,neutral,1.75,1.5
7527428564916948237,Real,0.0576062639821029,41,neutral,2.5365853658536586,3.0
7527432916985482551,Real,0.0425007699414844,6,neutral,1.5,1.0
7527504424869137719,Real,0.0520063694267515,13,admiration,1.8461538461538463,2.0
7527801554707991822,Real,0.0265848670756646,4,admiration,2.25,2.0
7527815412596083981,Real,0.0530200959123087,81,neutral,2.4444444444444446,3.0
7527882715241155854,Real,0.0598434004474272,1,love,1.0,1.0
7528028389291134263,Real,0.0449771407389101,5,admiration,2.4,3.0
7528074650144754999,Real,0.0177763207193705,30,neutral,1.7333333333333334,2.0
7528171589142187278,Real,0.0034452006571227,12,neutral,2.0,2.0
7528485663516200205,Real,0.0478481012658227,20,neutral,2.45,2.5
7528554102993833230,Real,0.0748913043478261,9,admiration,2.7777777777777777,3.0
7529306237012413751,Real,0.0251424740194435,1,excitement,1.0,1.0
7529321113172692238,Real,0.0308370044052863,2,approval,2.0,2.0
7529921315294301495,Real,0.031918505942275,3,admiration,1.3333333333333333,1.0
7530778010195168525,Real,0.0030064406779661,12,admiration,1.8333333333333333,2.0
7531048008885062967,Real,0.18746,25,neutral,2.4,2.0
7531084168680181047,Real,0.066006600660066,2,approval,2.0,2.0
7531181466827410710,Real,0.0141935483870967,3,neutral,1.6666666666666667,1.0
7531428150627044621,Real,0.1944290220820189,45,neutral,1.7555555555555555,2.0
7531434937229053206,KI,,5,admiration,1.8,2.0
7531594750172892438,Real,0.0222137404580152,14,neutral,2.2857142857142856,2.0
7531884051523718455,Real,0.2174406880189798,47,neutral,1.9148936170212767,2.0
7532074246315494678,KI,,13,admiration,1.6153846153846154,1.0
7532120500668042518,Real,0.0089333333333333,2,amusement,1.0,1.0
7532180573129903374,Real,0.1008872901678657,15,neutral,1.8666666666666667,2.0
7532214667817602317,Real,0.0472058823529411,20,neutral,1.5,1.0
7532268492318346518,Real,,5,admiration,2.0,2.0
7532463493098900758,KI,,12,love,1.75,1.0
7532537144246586637,KI,,32,neutral,2.3125,2.0
7532913199922810134,KI,0.0476174944403261,17,admiration,1.6470588235294117,1.0
7532969057016876310,Real,0.0326627218934911,10,admiration,2.3,2.5
7533692424250510647,Real,0.0356874530428249,2,admiration,2.0,2.0
7533812468305448214,Real,0.0134146341463414,6,neutral,2.1666666666666665,2.0
7534162247740820749,Real,0.0377924415116976,4,admiration,1.25,1.0
7534186979995454742,Real,0.0754987834549878,46,neutral,2.0652173913043477,2.0
7534440713413463310,Real,0.0325018896447467,2,approval,2.5,2.5
7534522209105202454,Real,0.0424719101123595,5,optimism,2.0,2.0
7534729098552266039,Real,0.059973924380704,1,desire,3.0,3.0
7534764167299927351,Real,0.0403985995152168,2,neutral,1.5,1.5
7534803885714722062,Real,,22,curiosity,2.5,3.0
7534834355135384846,Real,0.0830073880921338,4,anger,2.5,2.0
7535250376027639053,Real,0.0443840579710144,10,love,2.0,1.5
7535251218210344247,Real,0.0842592592592592,3,admiration,2.3333333333333335,3.0
7535265342570974486,Real,0.05698224852071,26,neutral,1.8846153846153846,2.0
7535558064473148685,Real,0.044776119402985,2,love,2.5,2.5
7535861065935064333,Real,0.0448837830617152,9,curiosity,2.0,2.0
7535881652539510038,KI,0.1225594432630968,12,admiration,1.6666666666666667,1.0
7535970277197434125,Real,0.0432,2,love,1.5,1.5
7536387474642324758,Real,0.0378998670801949,486,neutral,2.246913580246914,2.0
7536546674508942614,KI,0.0696180555555555,39,admiration,1.8717948717948718,2.0
7536618017220742413,Real,0.0643274853801169,1,neutral,1.0,1.0
7536684898912865550,Real,0.0372807017543859,1,excitement,4.0,4.0
7536797438607232278,Real,0.075474280320906,42,neutral,2.357142857142857,2.0
7537160514204486926,Real,0.0262766484878532,3,annoyance,2.0,1.0
7537311024018509111,Real,,9,curiosity,1.8888888888888888,2.0
7537330858357706006,KI,0.0373413830954994,54,admiration,1.7777777777777777,1.0
7537627596612324630,Real,0.0359965981134993,149,neutral,2.053691275167785,2.0
7537722211973500174,Real,,23,curiosity,2.3043478260869565,2.0
7537776291597061389,Real,0.0492154065620542,3,love,1.6666666666666667,2.0
7537880860989623574,Real,0.0410484454085321,16,neutral,2.1875,2.0
7538093152100470030,Real,0.0669669669669669,5,curiosity,2.8,3.0
7538289927163890966,Real,0.0439728353140916,101,neutral,2.267326732673267,2.0
7538416839257230614,KI,0.0832771409305462,12,admiration,1.9166666666666667,2.0
7538462532420242743,Real,0.0387486669036615,2,admiration,1.5,1.5
7538581166312426774,Real,,374,neutral,2.122994652406417,2.0
7538800698633227534,Real,,12,neutral,1.4166666666666667,1.0
7538812930855308566,KI,,10,admiration,2.1,2.0
7538849918883007799,Real,0.0071344904695985,6,desire,1.6666666666666667,1.5
7538855684629089549,Real,0.1008955223880597,8,curiosity,2.125,2.0
7538983658435267862,Real,0.0127794117647058,20,neutral,2.15,2.0
7539244955202620685,Real,0.0565410199556541,4,neutral,1.25,1.0
7539278012169112854,KI,0.0824075609351683,6,admiration,1.6666666666666667,1.5
7539363850659892493,Real,0.1798035294117647,85,neutral,2.070588235294118,2.0
7539388300373658882,Real,0.0540560869565217,934,neutral,2.225910064239829,2.0
7539540623297187086,Real,0.0263363363363363,15,neutral,2.0,2.0
7539731621390437654,Real,0.0607330827067669,70,neutral,1.9285714285714286,2.0
7539739223503424782,Real,0.0488829787234042,4,neutral,2.5,2.0
7539834700018224406,Real,0.0246666666666666,74,neutral,2.0135135135135136,2.0
7539911944354958606,Real,0.0176666666666666,5,neutral,1.4,1.0
7539922190657916182,KI,0.0863330993682943,22,admiration,1.9090909090909092,2.0
7540030094283214094,Real,0.0016295913088463,5,admiration,2.2,2.0
7540098051357117718,Real,0.0905571327182398,226,neutral,2.172566371681416,2.0
7540311724214209847,Real,0.0467984763286776,2,admiration,1.0,1.0
7540468986408996118,Real,0.0349198868991517,44,neutral,1.9772727272727273,2.0
7540712749383306509,Real,0.0750299401197604,17,admiration,2.235294117647059,2.0
7540839551321787670,Real,0.0533333333333333,59,admiration,2.016949152542373,2.0
7541025029543185719,Real,0.0173118279569892,3,admiration,1.3333333333333333,1.0
7541046023326567702,KI,0.0937262357414448,10,neutral,1.4,1.0
7541107753645804814,Real,0.0902985074626865,24,neutral,2.1666666666666665,2.0
7541201206522268950,Real,0.0419427148194271,282,neutral,2.4113475177304964,2.0
7541395523085929783,Real,0.016497461928934,2,curiosity,2.0,2.0
7541583039768366358,Real,0.05403,50,admiration,1.6,1.0
7541766006897773838,Real,0.0202970297029702,2,love,3.0,3.0
7541913911063350550,Real,0.0426265972550875,74,neutral,2.0,2.0
7542316254174924054,Real,0.03717659137577,34,neutral,2.176470588235294,2.0
7542533530698452254,Real,0.0311470588235294,12,neutral,1.5833333333333333,1.0
7542568220398603542,KI,0.0805027932960893,15,admiration,1.7333333333333334,1.0
7542706910147972374,Real,0.0458897071416338,287,neutral,2.191637630662021,2.0
7542950367483415863,Real,0.0078258333333333,65,love,2.123076923076923,2.0
7543046503951043862,Real,0.0511374407582938,106,neutral,2.0283018867924527,2.0
7543065531541163278,Real,0.0568916518650088,119,neutral,1.915966386554622,2.0
7543247251653545238,KI,0.0664406779661016,25,admiration,1.8,1.0
7543414216791837974,Real,0.0450451535219747,139,admiration,1.8201438848920863,2.0
7543637449092664598,KI,0.0390225842280636,39,admiration,1.641025641025641,1.0
7543698555874200846,Real,0.014378698224852,14,curiosity,2.357142857142857,2.0
7543856931107130679,Real,0.0366470588235294,51,neutral,2.0588235294117645,2.0
7544023587599158530,KI,,14,admiration,2.357142857142857,2.0
7544188725404716343,Real,0.0261374045801526,28,neutral,2.25,2.0
7544422711519382806,KI,,7,neutral,1.8571428571428572,2.0
7544551269566827789,Real,0.0329575228265184,357,neutral,2.2436974789915967,2.0
7544937254771346743,Real,0.1500111111111111,258,neutral,2.3488372093023258,2.0
7545264300588322062,Real,0.0226114649681528,9,approval,2.4444444444444446,2.0
7545462497394953474,KI,,15,admiration,1.5333333333333334,1.0
7545662326708440375,Real,0.0192307692307692,2,caring,1.5,1.5
7545906462413901078,KI,,3,admiration,1.3333333333333333,1.0
7546040113751461175,Real,0.0369811320754717,44,neutral,1.8181818181818181,1.5
7546048213803994382,Real,0.0225639987857937,7,approval,2.142857142857143,2.0
7546202218865642774,KI,0.0287775377969762,33,admiration,1.5151515151515151,1.0
7546324425650572599,Real,0.0244883040935672,7,admiration,2.142857142857143,2.0
7546353339655539982,Real,0.0096949633483092,1,joy,2.0,2.0
7546421612342430990,Real,0.0218421052631578,6,curiosity,2.8333333333333335,3.0
7546457207001320718,Real,,5,love,2.4,2.0
7546709638838766903,Real,0.0286,16,neutral,2.1875,2.0
7546769400129490189,Real,0.0288235294117647,6,admiration,1.1666666666666667,1.0
7547031024178416910,Real,0.0567521367521367,12,neutral,2.0833333333333335,2.0
7547183794344709389,Real,0.0087262658227848,18,neutral,1.5555555555555556,1.0
7547396423378078989,Real,,5,neutral,1.8,1.0
7547734224518909214,KI,0.0034375,6,neutral,2.5,3.0
7547769174534262071,KI,,35,neutral,2.2285714285714286,3.0
7547823767309798678,KI,0.0670336787564766,59,admiration,1.7796610169491525,2.0
7547880032220318990,Real,0.0265536723163841,6,admiration,2.3333333333333335,2.5
7548124291565407510,KI,0.0571798780487804,29,admiration,1.7586206896551724,2.0
7548319551251877175,Real,0.0194380292532717,2,curiosity,1.5,1.5
7548448008547978518,KI,0.0809439788266431,11,admiration,1.7272727272727273,1.0
7548921722687229197,Real,0.1191228070175438,8,admiration,1.75,1.5
7549029648131280142,Real,0.0468172888015717,26,admiration,1.8461538461538463,2.0
7549295729336929591,Real,0.0362072867164516,6,curiosity,2.5,2.5
7549594414700711190,KI,0.1069230769230769,31,admiration,2.225806451612903,2.0
7549597611666197815,Real,0.054601226993865,3,love,2.0,2.0
7549757988236561677,Real,0.0267222358421181,8,neutral,2.25,2.5
7549933681536781623,Real,0.0272473478503629,4,anger,2.0,2.0
7550410027597696269,Real,0.0035884353741496,1,admiration,2.0,2.0
7550501572598320439,Real,0.015076923076923,9,neutral,2.3333333333333335,3.0
7550783338580167949,Real,0.0259857482185273,19,admiration,1.9473684210526316,2.0
7551070397182135565,Real,,3,admiration,1.6666666666666667,2.0
7551252616324402446,Real,0.0314606741573033,14,neutral,2.0714285714285716,2.0
7551387599361805590,KI,,13,admiration,2.076923076923077,2.0
7551518806485568782,Real,0.0114921090387374,19,neutral,2.263157894736842,2.0
7551636497116482829,Real,0.028681920721882,1,neutral,4.0,4.0
7551919404108287245,Real,0.0306233062330623,29,neutral,2.103448275862069,2.0
7551930939279019286,KI,,7,admiration,1.8571428571428572,1.0
7552018309303061773,Real,0.0337295213620301,4,anger,2.0,2.0
7552198862060997901,Real,0.047578125,115,neutral,2.017391304347826,2.0
7552640359558319391,Real,,4,neutral,1.5,1.0
7552986467702787383,Real,0.07687959299039,1,love,1.0,1.0
7552987518983998750,Real,0.0643026004728132,5,neutral,2.2,2.0
7553089108864765239,Real,0.145527950310559,26,admiration,1.8846153846153846,2.0
7553097771964730637,Real,0.0443790849673202,12,curiosity,2.0833333333333335,2.5
7553116638317514039,Real,,1,admiration,1.0,1.0
7553118406245895479,Real,0.0269230769230769,5,neutral,2.2,2.0
7553292285115370774,KI,0.0583747178329571,36,admiration,1.8333333333333333,1.0
7553672395324722446,Real,0.0290474156343442,5,curiosity,2.6,3.0
7553674057238056205,KI,,13,neutral,1.6923076923076923,1.0
7553750555999440183,Real,0.0314792583700146,10,curiosity,1.9,2.0
7553785296270216503,Real,,4,love,2.25,2.5
7553828189915581709,Real,0.0314347826086956,8,neutral,1.75,1.5
7554083129233771831,Real,,7,joy,1.7142857142857142,1.0
7554101526759755021,Real,0.0430821293765456,7,admiration,2.7142857142857144,3.0
7554160608552209677,Real,,1,realization,2.0,2.0
7554183968254381326,Real,0.0382218529289572,9,neutral,1.7777777777777777,2.0
7554390439604833558,KI,,157,admiration,1.7006369426751593,1.0
7554553670101208375,Real,0.0242732147897262,2,disapproval,3.5,3.5
7554570861651512590,Real,0.0481017690320015,8,neutral,2.375,2.0
7554589737407876407,Real,0.0444897959183673,41,neutral,2.073170731707317,2.0
7554773861150051639,Real,0.0637775960752248,4,neutral,1.75,1.5
7554955400274087181,Real,0.0291219296955434,10,admiration,2.5,2.5
7555174571914169613,Real,0.1479106438896189,106,admiration,1.4339622641509433,1.0
7555179434228370702,Real,0.0341310317771675,4,approval,2.0,1.5
7555281904333868301,Real,0.0518590998043052,2,amusement,1.5,1.5
7555557494966209805,Real,0.0485576923076923,4,admiration,1.5,1.5
7555589200045755662,Real,0.0217909431392577,2,neutral,1.5,1.5
7555600275784928525,Real,0.0233322379231022,3,admiration,1.6666666666666667,1.0
7555641617537830158,Real,0.0209542230818826,2,approval,2.5,2.5
7555704549206412557,Real,0.0624183006535947,24,neutral,1.75,1.0
7555902323755715863,KI,0.0734027055150884,58,admiration,1.7586206896551724,2.0
7555918299729513742,Real,0.0886162235855487,6,love,2.3333333333333335,2.0
7555967850796649783,Real,0.0361607142857142,6,admiration,2.1666666666666665,2.0
7556124653954043149,Real,0.0398183723367097,7,admiration,1.4285714285714286,1.0
7556254192692628791,Real,0.0701330108827085,4,neutral,2.5,2.5
7556341035450846519,Real,0.022258414766558,1,admiration,1.0,1.0
7556374286840122637,Real,0.0139339826839826,5,admiration,2.4,2.0
7556434998639774989,Real,0.0292397660818713,2,neutral,1.0,1.0
7556708722354031886,Real,0.0473140495867768,46,neutral,2.217391304347826,2.0
7557086176969067789,KI,,11,neutral,1.6363636363636365,2.0
7557120017620421902,Real,0.0398989898989899,4,neutral,1.5,1.0
7557236751140425015,Real,0.0140652818991097,4,curiosity,2.25,2.5
7557423140570205495,Real,0.0489145369607034,39,neutral,1.9743589743589745,2.0
7557877729522126093,Real,0.0992700729927007,2,admiration,1.5,1.5
7558061810100800790,KI,0.0852317880794702,22,admiration,1.7272727272727273,1.0
7558121309847260430,Real,0.0949553571428571,13,admiration,1.6923076923076923,1.0
7558210168161373495,Real,0.0446593949372298,10,gratitude,3.0,3.0
7558447351866739990,KI,0.1130952380952381,9,love,3.3333333333333335,3.0
7558499012614049079,Real,0.0315366972477064,1,admiration,1.0,1.0
7558579556148333837,KI,0.0056421591437878,13,neutral,1.3846153846153846,1.0
7558584326791695629,Real,0.0596569724086502,25,neutral,2.28,2.0
7558607700104334605,Real,0.1196443007275667,7,neutral,1.7142857142857142,1.0
7558678998419557646,Real,0.033859649122807,5,approval,1.6,2.0
7558807070435183894,KI,0.0979521074872683,11,admiration,1.7272727272727273,2.0
7559000134357503245,Real,0.072356215213358,2,admiration,2.0,2.0
7559000300493786423,Real,0.0457963089542036,1,desire,3.0,3.0
7559001576057212174,Real,0.0947136563876652,1,excitement,2.0,2.0
7559172730050940182,KI,,54,admiration,1.6851851851851851,1.0
7559282666210659639,Real,,1,neutral,1.0,1.0
7559310758178344206,Real,0.0222488038277511,8,neutral,2.0,2.0
7559340490802351373,Real,0.0293255131964809,4,admiration,2.75,3.0
7559628295269010719,Real,0.0642372881355932,11,admiration,2.090909090909091,2.0
7559661143694920974,Real,0.0988274706867671,1,neutral,2.0,2.0
7559698377374567694,Real,,1,optimism,1.0,1.0
7559730317309906190,Real,0.0612492419648271,5,approval,2.6,2.0
7559765010977672462,Real,0.0888252148997134,1,love,1.0,1.0
7559780588761222413,Real,,3,admiration,1.6666666666666667,1.0
7559808897750519070,Real,0.0365934797072521,8,neutral,2.375,2.0
7560172424734559543,Real,0.0701065619742007,1,admiration,1.0,1.0
7560380219232750861,Real,0.0436312456016889,7,admiration,1.5714285714285714,1.0
7560739514151357709,Real,0.0379867046533713,4,neutral,2.25,2.0
7560821228483693879,Real,0.0407035175879397,6,caring,3.3333333333333335,3.5
7560840845386173710,Real,0.0529247910863509,2,joy,2.5,2.5
7560879927826926903,Real,0.1189320388349514,2,admiration,2.0,2.0
7561220858115542327,Real,,40,curiosity,2.45,2.0
7561224027239370039,Real,,2,neutral,1.0,1.0
7561274733405228343,Real,,4,love,1.75,1.5
7561475864060267789,Real,0.0817652329749104,10,neutral,2.2,2.0
7561526909234990391,KI,,29,neutral,2.0344827586206895,2.0
7561610021037935927,Real,0.0228682170542635,10,love,1.7,1.0
7561823947482746167,Real,0.0149019607843137,9,admiration,2.5555555555555554,2.0
7561863279434304781,Real,0.0343706456107756,5,neutral,2.4,2.0
7561901530916343095,Real,0.0577342047930283,4,admiration,2.0,1.5
7561963528253459726,Real,0.0748663101604278,7,admiration,1.2857142857142858,1.0
7562161851438468365,Real,0.144671274714676,7,love,1.8571428571428572,1.0
7562327491810004237,Real,0.0587121212121212,1,neutral,4.0,4.0
7562366522283347214,Real,0.0512249443207126,3,admiration,2.0,1.0
7562694354532338999,Real,0.0648959474260679,2,admiration,3.0,3.0
7562759201773145357,Real,0.0485252140818268,5,admiration,2.0,2.0
7563283854014811406,Real,0.0790816326530612,5,admiration,1.8,1.0
7563384066880458039,Real,0.0187449062754686,2,love,1.5,1.5
7563476980486737166,Real,0.0491551459293394,1,curiosity,3.0,3.0
7564052557161696567,Real,0.0649657320872274,45,curiosity,2.488888888888889,3.0
7564264416175279415,Real,0.0251379521765787,3,amusement,1.6666666666666667,1.0
7564443145912487190,KI,0.1124857561452059,14,neutral,1.2857142857142858,1.0
7564485834972400909,Real,0.0258407079646017,18,neutral,2.1666666666666665,2.0
7564526843601243447,Real,0.0473588342440801,2,neutral,2.0,2.0
7564590265336401207,Real,0.0657306955966815,2,gratitude,1.5,1.5
7564790156624973069,Real,0.0579603815113719,1,admiration,1.0,1.0
7564914123608296759,Real,0.0468965517241379,9,neutral,2.3333333333333335,2.0
7565035422875651359,Real,0.0362645176582128,10,neutral,2.2,2.0
7565176822346894647,Real,0.026877133105802,3,love,1.3333333333333333,1.0
7565209380782755075,KI,0.1628026790314271,22,admiration,2.227272727272727,2.0
7565641373844589838,Real,0.0947260774287801,38,love,2.0,2.0
7565669163226664205,Real,0.0373740656483587,11,neutral,1.8181818181818181,1.0
7565671642467142925,Real,0.0489560835133189,1,neutral,1.0,1.0
7565897317576871190,KI,0.1334654773703336,12,love,2.0833333333333335,2.0
7565916852321275150,KI,,11,neutral,1.8181818181818181,2.0
7566068080628059406,Real,0.0346282299173844,5,amusement,1.8,2.0
7566252973051890966,KI,0.1278797996661101,20,love,2.55,3.0
7566273071540129079,Real,0.0254700854700854,7,approval,2.5714285714285716,2.0
7566318661556768055,Real,0.0904371584699453,2,love,2.0,2.0
7566321004247518478,Real,0.0507246376811594,1,neutral,2.0,2.0
7566467293836791053,Real,0.0767590618336887,1,love,1.0,1.0
7566491032821566775,Real,0.0489913544668587,2,admiration,1.0,1.0
7566673177938627895,Real,0.0480103806228373,2,admiration,1.5,1.5
7566695291764624662,KI,0.1165730337078651,6,admiration,2.0,2.0
7566710926020267277,KI,0.007175866495507,11,neutral,2.090909090909091,1.0
7567065523305909517,Real,0.0540240811153358,7,admiration,1.7142857142857142,2.0
7567124922976177422,Real,0.0478610758153324,6,admiration,1.8333333333333333,1.5
7567209303002631438,Real,0.0545536519386835,4,amusement,2.25,1.5
7567383351846374678,KI,0.1003876487100655,26,admiration,1.6153846153846154,1.5
7567423930361793847,Real,0.0531622364802933,1,love,2.0,2.0
7568526518398274838,KI,0.1323708824725498,34,admiration,1.6176470588235294,1.0
7568688050927160590,Real,0.0609367894497498,10,neutral,2.0,2.0
7569062075532659981,Real,0.0679963735267452,1,curiosity,3.0,3.0
7569249889511558413,Real,0.0861308918277382,5,gratitude,2.4,2.0
7569373553003400462,Real,0.013919575784357,4,neutral,1.5,1.0
7569401754798787895,Real,0.0770434782608695,15,neutral,1.9333333333333333,2.0
7569420590960872718,Real,0.0794281175536139,2,curiosity,2.5,2.5
7569609573775052054,KI,0.037707399103139,63,admiration,1.5396825396825398,1.0
7569648383380425997,Real,0.0594260136914165,230,neutral,2.217391304347826,2.0
7569652779422190903,Real,0.066010660106601,4,admiration,2.0,2.0
7569671852470193422,Real,0.04490022172949,20,neutral,2.45,2.5
7569744895179525431,Real,0.0406010230179028,7,neutral,1.5714285714285714,2.0
7570041308157349133,Real,0.046998229518751,10,curiosity,2.6,2.5
7570044801970720031,KI,,80,neutral,1.8875,2.0
7570163794408656141,Real,0.0732543640897755,3,admiration,1.0,1.0
7570347487173594382,Real,0.04235807860262,4,admiration,2.25,2.0
7570866591684922679,Real,0.0314371257485029,3,neutral,1.6666666666666667,1.0
7570934735275429175,Real,0.0198120915032679,2,admiration,1.5,1.5
7571124842783624462,Real,0.0509648688767936,8,admiration,2.125,2.0
7571134885608393998,Real,0.1089324618736383,3,love,1.0,1.0
7571141578966699286,KI,0.0786377708978328,11,admiration,2.6363636363636362,3.0
7571169548494277901,Real,0.019669551534225,2,admiration,3.0,3.0
7571206423640575246,Real,0.0544361965358784,16,neutral,2.1875,2.0
7571215492359245111,Real,0.0870747368421052,1928,neutral,2.365663900414938,2.0
7571316412438924558,Real,0.0533629794330183,1,admiration,3.0,3.0
7571506841398562078,Real,0.0463200684638425,26,admiration,1.8846153846153846,2.0
7571559980705271053,Real,0.0394666666666666,61,neutral,2.3278688524590163,2.0
7571568982323367182,Real,,10,neutral,2.2,2.0
7571577355110452493,Real,0.0666290231507622,38,neutral,2.526315789473684,2.5
7571646194628283703,Real,0.1576750700280112,29,admiration,2.0344827586206895,2.0
7571669530615745847,Real,0.0408895265423242,7,neutral,2.4285714285714284,2.0
7571687090195352846,Real,0.08,3,disappointment,3.0,3.0
7571941774927662349,Real,0.0403780068728522,4,love,2.25,2.0
7571971620856794381,Real,0.0592736486486486,159,neutral,2.40251572327044,2.0
7572005355618585911,Real,0.0237226277372262,50,neutral,1.66,1.0
7572065309809593613,Real,0.0392156862745098,9,admiration,1.7777777777777777,2.0
7572263213379636493,Real,0.0570884871550903,1,admiration,2.0,2.0
7572323148603952439,Real,0.0373948270489249,2,fear,2.5,2.5
7572403909822663991,Real,0.0567066521264994,2,curiosity,2.0,2.0
7572424419478392119,Real,0.0269250125817815,6,gratitude,1.8333333333333333,2.0
7572704074274000150,KI,0.1228137612915625,51,admiration,1.7647058823529411,1.0
7572715593695120653,Real,0.0375475285171102,7,amusement,1.7142857142857142,1.0
7572730954842754318,Real,0.0632603406326034,2,confusion,2.0,2.0
7572735434271264030,Real,0.0452006094464195,11,neutral,2.0,2.0
7573077876866600205,Real,0.0467055879899916,3,love,2.6666666666666665,3.0
7573086048201329933,Real,0.0610260653702937,8,neutral,3.0,3.0
7573102355244158222,Real,0.0146651270207852,11,neutral,2.0,2.0
7573392493601983757,Real,0.0288461538461538,2,neutral,3.0,3.0
7573473414455889166,Real,0.0177186963979416,8,confusion,2.625,3.0
7573527601692626189,Real,0.0551322751322751,116,neutral,2.0948275862068964,2.0
7573665976961633538,KI,,23,admiration,2.3043478260869565,2.0
7573749027381054734,Real,,8,neutral,1.5,1.5
7573750473170177335,Real,0.0472263868065967,3,admiration,2.3333333333333335,3.0
7573829050339167543,Real,0.0823451910408432,7,admiration,1.7142857142857142,1.0
7573897645236702519,Real,0.1103202846975089,7,admiration,1.5714285714285714,1.0
7574153672880295181,Real,0.0885860306643952,8,neutral,1.625,1.0
7574176487209848078,Real,0.0352890235981814,10,neutral,2.0,2.0
7574221523779669303,Real,0.0658919520336259,104,neutral,2.298076923076923,2.0
7574426534669274390,KI,0.1083957430035475,8,admiration,1.5,1.0
7574796249426087171,KI,0.1186230807330361,7,admiration,1.8571428571428572,2.0
7574835700596690190,Real,0.0875,11,admiration,2.272727272727273,2.0
7574883870848388365,Real,0.0656146179401993,2,curiosity,1.5,1.5
7574942343229426999,Real,0.0260199833472106,3,neutral,1.6666666666666667,2.0
7574971769090542903,Real,0.0243214663376806,1,love,2.0,2.0
7574997117249277198,Real,0.01291280148423,5,neutral,1.6,2.0
7575156729093033238,KI,,12,admiration,1.9166666666666667,2.0
7575253808343797005,Real,0.1248249027237354,23,gratitude,2.3043478260869565,2.0
7575349966638419255,Real,0.0511296076099881,1,amusement,1.0,1.0
7575521402179112214,KI,,15,admiration,1.6,1.0
7575688299285728526,Real,,20,neutral,1.7,1.0
7575726170272959757,Real,0.0440251572327044,2,optimism,2.0,2.0
7576336236751703309,Real,0.029505865623889,17,neutral,1.9411764705882353,2.0
7576342339191344397,Real,0.0894717489888466,18,neutral,1.7777777777777777,2.0
7576454497531186487,Real,0.0228357191547375,2,admiration,2.0,2.0
7576636344949067030,KI,,13,admiration,1.9230769230769231,2.0
7576637475431517453,Real,0.1246020761245674,38,love,1.5789473684210527,1.0
7576710029588450574,Real,0.0545058139534883,35,neutral,2.5142857142857142,2.0
7576722312632732941,Real,0.2472928429726842,286,neutral,1.979020979020979,2.0
7576766953323318583,KI,0.0016696783520057,3,neutral,1.3333333333333333,1.0
7577024983390604566,KI,,5,admiration,1.4,1.0
7577075887628193079,Real,0.0299272040981396,2,curiosity,2.0,2.0
7577086972745813262,Real,0.0223255813953488,405,neutral,2.05679012345679,2.0
7577105371311918391,KI,0.0043826135105204,24,neutral,1.7083333333333333,2.0
7577124976189394190,Real,0.0913934426229508,8,love,1.5,1.5
7577226147985886477,Real,0.0694980694980695,4,neutral,2.0,2.0
7577420933556636950,KI,,39,admiration,1.641025641025641,1.0
7577433848208772407,Real,0.0658156028368794,54,neutral,2.0185185185185186,2.0
7577558634071133454,Real,0.0323251748251748,11,admiration,2.4545454545454546,2.0
7577578342128323895,Real,0.0267950052029136,2,approval,2.5,2.5
7577597999690288398,Real,0.0375312760633861,2,curiosity,1.5,1.5
7577802075036339478,KI,,13,admiration,1.9230769230769231,2.0
7578121325433179414,KI,,23,admiration,1.8695652173913044,2.0
7578211360698338574,Real,0.0415464512406232,12,neutral,1.8333333333333333,1.5
7578327833198578958,Real,0.0460299194476409,3,admiration,2.0,2.0
7578387393992985870,Real,0.0543442622950819,63,neutral,1.7301587301587302,1.0
7578555804157103391,Real,,179,neutral,1.8435754189944134,2.0
7578615192465034551,Real,0.0920032403656984,9,neutral,2.0,1.0
7578617058611465486,Real,0.0261448792672772,12,neutral,1.8333333333333333,1.5
7578689775440317710,Real,0.0481538461538461,173,neutral,2.300578034682081,2.0
7578865949692923158,KI,,7,admiration,1.5714285714285714,2.0
7578925675009019149,Real,0.1031073446327683,19,love,2.0526315789473686,2.0
7578976964178939150,Real,,5,curiosity,1.8,1.0
7579021618341514510,Real,0.0177514792899408,3,approval,2.0,2.0
7579052280859626807,Real,0.0354025218234723,1,admiration,1.0,1.0
7579071940338502967,Real,0.0372863801139306,2,admiration,2.0,2.0
7579234612044385558,KI,,15,admiration,2.2666666666666666,2.0
7579265308502822199,Real,0.1042692939244663,21,love,1.8571428571428572,2.0
7579288429683395853,Real,0.079702444208289,3,approval,2.0,2.0
7579347487303961870,Real,0.0192967409948542,1,excitement,3.0,3.0
7579372956065828110,Real,0.023125,4,neutral,1.75,2.0
7579435300196289823,Real,0.0383314543404735,3,approval,2.0,2.0
7579499312992800030,Real,0.0386792452830188,2,approval,2.0,2.0
7579650710946565398,KI,,21,admiration,1.619047619047619,2.0
7579654766154845495,Real,0.0670995670995671,6,excitement,2.1666666666666665,2.0
7579666136371957005,Real,0.1061093247588424,6,admiration,1.8333333333333333,1.0
7579690763647323447,Real,0.0221221864951768,8,admiration,1.375,1.0
7579704779195141431,Real,0.0203238029624526,5,neutral,2.0,2.0
7579749850854591799,Real,0.0220261437908496,14,neutral,2.5,2.5
7579789434795740430,Real,0.0620567375886524,1,love,1.0,1.0
7579970858861776131,KI,,6,love,1.5,1.0
7580025735025347895,Real,0.0457227138643067,1,approval,2.0,2.0
7580101354752937229,Real,0.0554177005789909,2,love,3.0,3.0
7580357494317255958,KI,,7,admiration,1.8571428571428572,2.0
7580717312454544662,KI,,12,admiration,1.5833333333333333,1.0
7580756817660153143,Real,0.1319910514541387,6,approval,2.0,2.0
7580839541624311070,Real,0.0310796074154852,3,admiration,2.6666666666666665,3.0
7581179281129180471,Real,0.0711267605633802,7,admiration,1.4285714285714286,1.0
7581196165069180174,Real,0.0805970149253731,10,neutral,1.4,1.0
7581338926158318862,Real,0.0475675675675675,92,neutral,2.1847826086956523,2.0
7581529771729849614,Real,0.0357715430861723,41,neutral,2.317073170731707,2.0
7581573134931791106,KI,,8,admiration,1.5,1.5
7581694631000182030,Real,0.0447325974025974,527,neutral,2.0379506641366225,2.0
7581882382412762381,Real,0.1177347242921013,9,amusement,2.111111111111111,2.0
7581886525315484942,Real,0.0519480519480519,5,neutral,1.8,2.0
7581943861967195405,Real,0.0212387129594302,11,gratitude,2.272727272727273,2.0
7581992977753525559,Real,0.0102994011976047,9,neutral,2.4444444444444446,2.0
7582000046812564767,Real,0.0151911995809324,1,curiosity,2.0,2.0
7582010058960162061,Real,0.0115638766519823,4,desire,2.0,1.5
7582208719363001622,KI,,12,admiration,1.4166666666666667,1.0
7582282589117877517,Real,0.0172744721689059,3,admiration,1.3333333333333333,1.0
7582394428824898830,Real,0.0651955867602808,6,neutral,3.1666666666666665,3.5
7582412763167722807,Real,0.0313364055299539,2,approval,2.5,2.5
7582570723521072406,KI,,5,admiration,2.4,2.0
7582642557671263502,Real,0.0801335559265442,2,neutral,1.5,1.5
7582646476103339319,Real,0.0457894736842105,9,neutral,2.111111111111111,2.0
7582649070892666126,Real,0.1293625914315569,10,love,1.5,1.0
7582654194486676749,Real,0.0468883205456095,2,approval,3.5,3.5
7582696594223500574,Real,,61,neutral,1.5901639344262295,1.0
7582942737993911574,KI,,7,admiration,2.5714285714285716,2.0
7583072848051326222,KI,0.0051503394762366,19,neutral,1.631578947368421,1.0
7583187824862629175,Real,0.0169724770642201,18,neutral,2.0,2.0
7583323062016298262,KI,,23,admiration,1.9565217391304348,2.0
7583486592489180430,Real,0.0804953560371517,9,admiration,1.7777777777777777,2.0
7583896240472034591,Real,0.0525283653172713,10,neutral,1.9,2.0
7584055850751331606,KI,,32,admiration,1.71875,1.0
7584103768086613303,Real,0.0514785812989405,37,love,2.027027027027027,2.0
7584139948933074231,Real,0.0235672514619883,25,neutral,2.44,2.0
7584149382988188942,Real,0.0411042944785276,3,approval,2.0,2.0
7584299994039995661,Real,0.0606848721283051,5,joy,2.0,2.0
7584425953653230870,KI,,13,admiration,1.4615384615384615,1.0
7584481148819016991,Real,,5,love,2.0,2.0
7584497958012407053,Real,0.1007095158597662,14,neutral,1.7857142857142858,2.0
7584504317059648823,Real,0.0513950073421439,1,admiration,2.0,2.0
7584518400546753805,Real,0.0110268780151619,2,curiosity,1.5,1.5
7584777916710915330,KI,,27,admiration,1.7777777777777777,2.0
7584849654525742391,Real,0.0380952380952381,3,curiosity,1.3333333333333333,1.0
7585051426884177207,Real,0.1487513340448239,133,neutral,2.488721804511278,2.0
7585153378175552790,KI,,24,admiration,1.8333333333333333,2.0
7585210977814203662,Real,0.0123364485981308,5,approval,1.8,2.0
7585333723441171767,Real,0.0483349191246431,1,optimism,4.0,4.0
7585430559300521230,Real,0.0411827956989247,13,neutral,2.3076923076923075,2.0
7585545439458364694,KI,,15,admiration,2.2,2.0
7585649861740072247,Real,0.0189177298724153,16,neutral,1.8125,2.0
7585675002108857655,Real,0.0493887530562347,3,admiration,3.0,3.0
7585690004333088013,Real,0.0170392371424105,16,neutral,2.0,1.5
7585924364328144151,KI,,24,admiration,2.125,2.0
7586016964758326541,Real,0.0228034875922199,1,curiosity,3.0,3.0
7586031520335318285,Real,0.0367137809187279,48,neutral,2.5625,2.5
7586307017942306070,KI,,11,admiration,1.7272727272727273,2.0
7586322489651858701,Real,0.052710094480358,6,approval,2.6666666666666665,3.0
7586347958254308621,Real,0.0238227146814404,3,desire,1.6666666666666667,2.0
7586613516396727574,KI,,6,admiration,2.1666666666666665,2.0
7586650207677418766,Real,0.0290069407367859,1656,neutral,2.123792270531401,2.0
7586681166262996238,Real,0.0889487870619946,8,admiration,1.375,1.0
7586716314585074999,Real,0.0924574209245742,3,neutral,2.3333333333333335,2.0
7586786658335427854,KI,0.0023069071112623,14,neutral,1.6428571428571428,1.5
7586800922932546829,Real,0.01084375,1,approval,2.0,2.0
7587042908138867970,KI,,19,admiration,2.1578947368421053,2.0
7587127768215719182,Real,0.059047987616099,354,neutral,2.1920903954802258,2.0
7587143124691078413,Real,0.0524974515800203,6,neutral,1.8333333333333333,1.5
7587201622959279415,Real,0.1227743634767339,40,neutral,2.325,2.0
7587215128550968631,Real,0.0629067245119305,1,admiration,3.0,3.0
7587444502495857934,Real,0.0561111111111111,12,excitement,2.0833333333333335,2.0
7587551817429519630,Real,0.0431472081218274,1,neutral,3.0,3.0
7587808983902211350,KI,,8,admiration,1.625,2.0
7587817182038379789,Real,0.0717857142857142,36,neutral,1.8611111111111112,1.0
7588185393246309654,KI,,14,admiration,2.0,2.0
7588251496576322871,Real,,5,love,2.0,2.0
7588604253858434326,KI,,9,love,2.4444444444444446,2.0
7588821540477685014,KI,,25,admiration,1.72,2.0
7588947771042925879,Real,0.0315947843530591,3,admiration,2.0,2.0
7588992707582758158,Real,0.087728804421081,394,neutral,2.401015228426396,3.0
7589270819013086467,KI,,12,admiration,1.6666666666666667,2.0
7589336006218812686,Real,0.0371900826446281,26,curiosity,2.5,3.0
7589379553689128247,Real,0.0437577768560763,5,neutral,2.0,2.0
7589673677269093654,KI,,20,admiration,1.5,1.0
7589763926422801678,Real,0.1219240506329114,343,sadness,2.6443148688046647,3.0
7590008263769328918,KI,,16,admiration,1.4375,1.0
7590049219319303479,Real,0.0208393216441506,10,neutral,1.8,1.5
7590093213914893590,KI,,8,excitement,2.125,2.0
7590112776186514743,Real,0.0326282628262826,8,neutral,1.5,1.5
7590157423290125582,Real,0.0380589914367269,1,love,1.0,1.0
7590157749418347831,Real,,29,curiosity,2.2758620689655173,2.0
7590435621575904526,KI,,11,neutral,2.0,2.0
7590598405882236174,Real,,20,neutral,2.35,2.0
7590964648866761998,Real,,20,neutral,2.3,2.0
7591221599076977975,Real,,19,neutral,2.1578947368421053,2.0
7591259656094223629,Real,,16,neutral,2.125,2.0
7591520190823795981,Real,,10,love,1.3,1.0
7591557797725113630,Real,,12,neutral,1.9166666666666667,2.0
7591646491991674125,Real,,12,curiosity,2.5,2.5
7591973627189398797,Real,,12,neutral,2.1666666666666665,2.0
7591975361504627982,Real,,20,amusement,2.3,2.0
7592475617405209870,Real,,16,admiration,2.5625,3.0
7592572134421990669,Real,,3,admiration,1.6666666666666667,2.0
7592663356268416286,Real,,17,admiration,1.4705882352941178,1.0
7592826714384813367,Real,,6,approval,2.3333333333333335,2.0
7593007556662955319,Real,,11,admiration,2.5454545454545454,3.0
7593100847970602253,Real,,20,neutral,2.65,2.5
7593204632717987127,Real,,20,neutral,2.55,3.0
7593858650725289271,Real,,4,curiosity,1.75,1.5
7593958066693983543,Real,,8,neutral,2.25,2.5
7594328963170831671,Real,,12,neutral,1.8333333333333333,1.5
7594688873884552503,Real,,20,neutral,2.45,2.0
7595072279294348599,Real,,5,curiosity,1.8,1.0
7595342660613786893,Real,,16,neutral,2.0,2.0
7595380944475901198,Real,,18,neutral,1.9444444444444444,2.0
7595819087578598669,Real,,8,neutral,1.625,1.5
7599755814374477087,KI,,2,admiration,1.0,1.0
7600111034614975774,Real,,20,neutral,2.65,2.5
7600214332198145310,Real,,4,curiosity,2.0,2.0
7600223514066439454,Real,,5,neutral,2.8,3.0
