video_id,Typ,video_engagement_rate,comment_count,topic_unique_labels,dominant_topic_id,dominant_topic_label
6857638022805032197,KI,,194,11,0,yes | hi | early
6869412214848163077,Real,,60,11,2,like | girl | know
6988896764241693958,KI,0.042538596491228,627,15,4,robot | ai | janet
7014140703680826629,Real,,697,14,7,filter | like | pink
7021870483289230593,KI,0.1331744047619047,270,14,2,like | girl | know
7027954993026190598,KI,0.1074497709923664,1451,15,4,robot | ai | janet
7034987201482001670,KI,0.0518860630722278,19,8,0,like | girl | know
7040984071631228206,Real,,853,13,9,pay | like | just
7048698807009185029,KI,0.060100625,12,7,0,yes | hi | early
7058374333034417454,KI,0.0369081942336874,24,9,0,yes | hi | early
7059092437528071471,KI,0.0613831544178365,27,10,6,janet | girl | like
7059849932324474158,KI,0.0618344308560677,104,12,7,filter | like | pink
7060968108764335407,KI,0.0402633593630378,100,13,4,robot | ai | janet
7061690918969085230,KI,0.0776366288856469,248,12,6,janet | girl | like
7063373274067062017,KI,0.0222625413801884,27,8,7,filter | like | pink
7063545368272784686,KI,0.1614980459770115,866,14,6,janet | girl | like
7064671029658029358,KI,0.0648676373262739,139,13,0,yes | hi | early
7068736017146268974,KI,0.0799574736842105,1117,14,0,yes | hi | early
7071340739317304618,KI,0.0557722627737226,89,12,0,yes | hi | early
7071422796101913857,KI,0.0313629893238434,55,10,6,janet | girl | like
7073561622878555438,KI,0.0532309746328437,122,13,0,yes | hi | early
7073932602607963434,KI,0.0285126964933494,62,10,0,yes | hi | early
7076528856567434539,KI,0.0161349924585218,67,12,0,yes | hi | early
7081718655926422826,KI,0.0453811303658398,214,14,4,robot | ai | janet
7086905112345562410,KI,0.0864618486681523,235,12,4,robot | ai | janet
7089937848161373483,KI,0.098314,200,13,0,yes | hi | early
7091167548951039234,KI,0.0779916666666666,499,14,7,filter | like | pink
7093927006533946667,KI,0.0261652631578947,253,13,7,filter | like | pink
7097296910565788971,KI,0.0142852631578947,223,12,0,yes | hi | early
7104209958211783937,KI,0.1142581621621621,157,13,7,filter | like | pink
7105090679080176942,KI,0.0632993960310612,75,10,0,yes | hi | early
7109034472296762626,KI,0.1490505882352941,285,13,0,yes | hi | early
7113276045846924590,KI,0.0384396586753352,32,10,11,try | almond | use
7120704751108394283,KI,0.0182540650406504,21,9,0,yes | hi | early
7123275140133162282,KI,0.0175278969957081,6,5,3,real | look | fake
7129589619099847982,KI,0.12076568,1941,15,3,real | look | fake
7133302400613387563,KI,0.0313249674054758,101,12,8,like | people | don
7134748542215769387,KI,0.04090882567469,167,12,4,robot | ai | janet
7155513445545233710,KI,0.0356459045636985,63,12,0,yes | hi | early
7161140074241854762,KI,0.0091658520690778,23,8,6,janet | girl | like
7208351443193974062,Real,,1786,13,14,love | voice | girl
7247819725307235585,KI,0.04214,3,3,0,beautiful | love | amazing
7250057782081129729,KI,0.0164234875444839,1,1,1,beautiful | love | amazing
7254485954264714497,KI,0.0134093319194061,1,1,0,yes | hi | early
7258222058293710088,KI,0.017940506498727,9,8,8,like | people | don
7264794171762871554,KI,0.0098391728891441,1,1,1,beautiful | love | amazing
7265585005022203137,KI,0.0092690677966101,1,1,4,robot | ai | janet
7269706309040131335,KI,0.0079113185530921,1,1,3,real | look | fake
7278270792926842120,KI,0.0075989617131732,21,7,0,yes | hi | early
7280943851567697195,KI,0.0043732970027247,20,7,0,yes | hi | early
7296552506522422571,KI,0.0188724668596678,23,8,0,yes | hi | early
7311811419190742314,KI,0.0111694790902421,43,9,4,robot | ai | janet
7314430173691055406,KI,,55,10,2,like | girl | know
7320000759762881824,Real,,356,13,8,like | people | don
7329613458889051435,KI,0.0145626666666666,79,9,6,janet | girl | like
7351107714254114091,KI,,49,10,0,like | people | don
7358269399616343338,KI,0.0065530769230769,30,8,6,janet | girl | like
7364519121855319339,Real,,62,10,0,like | people | don
7365336124853701930,KI,,442,13,6,janet | girl | like
7371613331704139040,Real,,1412,14,8,like | people | don
7372983838735355182,KI,0.009844148864705,17,7,4,robot | ai | janet
7373989108105989384,KI,0.0034338138925294,1,1,10,feel | just | ve
7376322849470139694,KI,0.0101953125,74,13,6,janet | girl | like
7376585934306856210,KI,0.0074860574860574,2,2,2,like | girl | know
7376843667564137745,KI,0.0079447765442641,5,4,4,robot | ai | janet
7383032827526450478,Real,,170,12,2,like | girl | know
7390001726511729927,KI,0.0410855117412494,46,10,4,robot | ai | janet
7396915859618270481,KI,0.0109329993738259,12,4,0,yes | hi | early
7398815571829083413,KI,0.0152549575070821,7,5,0,like | girl | know
7440921040743566623,Real,,3,2,14,love | voice | girl
7442392077616401694,Real,,2,2,2,like | girl | know
7447604715757522219,Real,,3,3,0,janet | girl | like
7447883269003103496,KI,0.028816199376947,3,2,0,yes | hi | early
7450380458958867719,KI,0.0262120952544115,3,3,2,beautiful | janet | super
7451348734920707370,Real,,5,3,1,beautiful | love | amazing
7451435297042107650,Real,,2,2,8,like | people | don
7451924102329175314,KI,0.0364413680781759,2,2,0,like | people | don
7451924522468379922,KI,0.0292109256449165,4,4,0,beautiful | janet | super
7451925102318472455,KI,0.0258186397984886,2,2,2,filter | like | pink
7451926074218401032,KI,0.0203492567470053,1,1,3,real | look | fake
7451943900132101394,KI,0.0181668042939719,1,1,0,yes | hi | early
7452207304780303624,KI,0.0144094488188976,4,4,1,beautiful | love | amazing
7452207597907676424,KI,0.017726929846618,2,2,0,robot | ai | janet
7454635714408418603,Real,,19,9,7,filter | like | pink
7454642681940167958,Real,,1,1,6,janet | girl | like
7455471375810170154,Real,0.0315126050420168,2,2,2,like | girl | know
7456515146505293102,KI,0.0191355777979981,105,12,7,filter | like | pink
7456527272992836907,KI,0.0193230277185501,3,2,0,yes | hi | early
7456621620988316971,KI,0.0147914645974781,1,1,11,try | almond | use
7456631558435261738,KI,0.0115721606877169,1,1,14,love | voice | girl
7456701149144517910,Real,0.0174793008279668,2,1,10,feel | just | ve
7456839506671553835,KI,0.0094061232017705,8,5,6,janet | girl | like
7457247174624202030,Real,0.0157792207792207,5,4,11,try | almond | use
7457703235772484910,KI,0.0059184104840414,2,2,2,like | girl | know
7457710742150614315,KI,0.0130790190735694,5,4,1,beautiful | love | amazing
7457719920638299434,KI,0.0281098121634047,1,1,8,like | people | don
7458155194036096302,Real,0.0415824429685244,4,4,0,filter | like | pink
7459430513657318699,Real,0.0311206896551724,2,1,12,skin | kids | acne
7459461228566596910,Real,0.0540509259259259,41,7,14,love | voice | girl
7459847535457291562,Real,0.0652075176194205,30,7,10,feel | just | ve
7459923178039856430,Real,0.0958944444444444,376,12,10,feel | just | ve
7460192241340943659,Real,0.0182377049180327,16,7,1,beautiful | love | amazing
7460621292568317226,Real,0.0137945205479452,21,9,11,try | almond | use
7461317414437932330,Real,0.0406829268292682,6,4,0,skin | kids | acne
7461714216785857834,Real,0.0354374307862679,1,1,11,try | almond | use
7462088004493118766,KI,0.0238234263692631,2,2,2,like | girl | know
7462088629087718702,Real,0.0222033898305084,3,2,0,yes | hi | early
7462096870652038446,KI,0.0069930069930069,2,2,0,try | almond | use
7462119210286615850,KI,0.0218148148148148,26,8,2,like | girl | know
7462197167428603179,KI,,1,1,8,like | people | don
7462479287929654574,Real,,9,7,12,skin | kids | acne
7462506452507184427,Real,0.0264987405541561,21,5,10,feel | just | ve
7462864410416270638,Real,0.0597958191541079,1,1,14,love | voice | girl
7462939001297816878,KI,0.0113255702663901,3,3,1,beautiful | love | amazing
7463198022399282478,Real,0.0238641686182669,10,6,1,beautiful | love | amazing
7463517853774417198,KI,0.0117227319062181,1,1,8,like | people | don
7463523561366359342,KI,0.0095008294374905,4,4,1,beautiful | love | amazing
7463583382719728942,Real,0.0007951639344262,29,11,11,try | almond | use
7463985618612178222,KI,0.0115734720416124,5,4,6,janet | girl | like
7463996604752678186,KI,0.0113290291143866,8,5,4,robot | ai | janet
7464645539007647018,Real,0.0181818181818181,9,6,10,feel | just | ve
7464709305665703210,Real,0.0010262790697674,23,7,7,filter | like | pink
7465128290244742442,KI,0.0110514042380614,1,1,0,yes | hi | early
7465413499645218094,Real,0.0402522935779816,5,4,1,beautiful | love | amazing
7465458090528345387,Real,0.0347435897435897,5,5,2,feel | just | ve
7465789372588199211,Real,0.0676913981673071,6,4,0,pay | like | just
7465830604538449194,KI,0.0055252737013743,15,8,0,like | people | don
7467202100674497834,KI,0.0082882882882882,6,3,4,robot | ai | janet
7467249232857025835,KI,0.0114937483373237,172,13,4,robot | ai | janet
7467316246883683626,KI,0.0120645161290322,1,1,0,yes | hi | early
7467332486868143406,KI,0.0032335329341317,1,1,14,love | voice | girl
7467604102701239598,Real,0.0258241758241758,9,5,12,skin | kids | acne
7467960260712697134,KI,0.000954,31,11,4,robot | ai | janet
7468000059850837294,Real,0.0317260273972602,2,2,7,filter | like | pink
7468152917858602283,Real,0.0407070707070707,11,7,14,love | voice | girl
7468399838720314666,Real,0.1208722741433021,16,10,1,beautiful | love | amazing
7468434752580865326,KI,,3,2,4,robot | ai | janet
7468869871623834922,KI,0.01324200913242,6,4,4,filter | like | pink
7468875175799524654,KI,,4,4,2,like | girl | know
7469196987116670250,Real,0.0514504652435686,3,2,2,like | girl | know
7469504044273274158,KI,0.0054732510288065,3,3,0,beautiful | love | amazing
7469860128582307115,KI,0.0073928571428571,4,4,0,janet | girl | like
7469886326956150062,Real,0.0282128829536527,23,8,11,try | almond | use
7469898764795563310,Real,0.0445229681978798,2,1,1,beautiful | love | amazing
7470340851508694318,Real,0.1166532582461786,1,1,1,beautiful | love | amazing
7470357308040678702,KI,0.0028307692307692,5,3,4,robot | ai | janet
7470606140368227627,Real,0.03153125,26,9,2,like | girl | know
7470634958445448491,Real,0.0492405063291139,18,6,10,feel | just | ve
7471332308839189806,Real,0.0158267716535433,6,3,1,beautiful | love | amazing
7471366999596125486,KI,0.0020405882352941,100,11,6,janet | girl | like
7471466629080141078,Real,0.0248015873015873,2,1,14,love | voice | girl
7471761326591823146,Real,0.0295630461922596,1,1,11,try | almond | use
7471789639573966126,KI,0.0073267326732673,2,2,2,like | girl | know
7472095166342647086,Real,0.0588734486050705,14,5,11,try | almond | use
7472501577199242538,Real,0.0416766467065868,14,4,10,feel | just | ve
7472781587382504750,Real,0.065398335315101,2,2,2,like | girl | know
7472937093103177002,Real,0.0265330188679245,1,1,14,love | voice | girl
7472947046647926038,Real,0.032,4,3,11,try | almond | use
7473171580592606510,Real,0.0296633303002729,16,9,0,love | voice | girl
7473245658015878446,Real,0.0274324324324324,6,2,2,like | girl | know
7473357046927133974,Real,0.1011349036402569,92,12,8,like | people | don
7473601847912090926,Real,0.079225352112676,1,1,1,beautiful | love | amazing
7473917056396594475,Real,0.0378787878787878,7,3,14,love | voice | girl
7474704078417775894,Real,0.0308219178082191,1,1,2,like | girl | know
7475110315940646186,Real,0.0157995711544972,3,3,6,janet | girl | like
7475454094002474262,Real,0.0346153846153846,7,4,8,feel | just | ve
7475539253410155798,Real,0.038972602739726,16,7,5,philippines | europe | country
7475548077290507563,Real,0.0356950672645739,8,4,14,love | voice | girl
7475785562264243502,Real,0.0255414012738853,6,3,10,feel | just | ve
7476209407043456299,Real,0.0092781316348195,13,3,12,skin | kids | acne
7476490566893620522,Real,0.075867635189669,4,4,2,feel | just | ve
7478037150966058282,Real,0.1051117824773413,32,7,11,try | almond | use
7478090453343096107,Real,0.0249377593360995,12,6,14,love | voice | girl
7478363873192447275,Real,0.0266467065868263,5,1,1,beautiful | love | amazing
7478739641642962222,Real,0.0008810389610389,4,3,9,pay | like | just
7478862129051782422,Real,0.0791369047619047,63,10,10,feel | just | ve
7479280487375047958,Real,0.0350712678169542,1,1,9,pay | like | just
7479459448231202094,Real,0.0630275229357798,3,3,7,filter | like | pink
7479955784172965142,Real,,2,2,7,filter | like | pink
7480272734904225070,Real,0.0438829787234042,8,6,0,feel | just | ve
7480594015923064107,Real,0.0777866880513231,1,1,11,try | almond | use
7480612345459395886,Real,0.0157416267942583,13,6,12,skin | kids | acne
7481483485182496022,Real,0.0366480691390438,11,3,10,feel | just | ve
7481732510712483094,Real,0.0156569094622191,2,2,1,beautiful | love | amazing
7481766344719879467,Real,0.023076923076923,8,7,14,love | voice | girl
7482022082549763374,Real,0.0597140454163162,2,2,1,beautiful | love | amazing
7482437649207250198,Real,0.0269799825935596,1,1,14,love | voice | girl
7482453076884868394,Real,0.0617283950617283,2,2,2,like | girl | know
7482542362904825130,Real,0.0222401474994238,2,2,7,filter | like | pink
7482873020319599918,Real,0.0265635738831615,13,6,12,skin | kids | acne
7483153706779790638,Real,0.050928270042194,4,3,14,love | voice | girl
7483899443067227438,Real,0.0430894308943089,5,3,11,try | almond | use
7484006046449831214,Real,0.0516326530612244,22,7,0,yes | hi | early
7484363148368071978,Real,0.0959132610508757,4,3,2,like | girl | know
7484728261746986286,Real,0.0222085889570552,29,8,10,feel | just | ve
7484754839931538730,Real,0.0826446280991735,2,2,1,beautiful | love | amazing
7485076619061660950,Real,0.0200190657769304,2,2,0,love | voice | girl
7485083534210927918,Real,0.0663414634146341,1,1,11,try | almond | use
7485105763690499374,Real,0.0542264752791068,3,2,14,love | voice | girl
7485467874119798062,Real,,3,3,1,beautiful | love | amazing
7486189426243112238,Real,0.0224874371859296,5,4,10,feel | just | ve
7486247110992563498,Real,0.0049127906976744,8,5,11,try | almond | use
7486563588908387626,Real,0.03125,9,2,10,feel | just | ve
7487038014884056366,Real,0.0174953959484346,1,1,10,feel | just | ve
7487213912732126510,Real,0.0548547961278967,1,1,1,beautiful | love | amazing
7487319886759251243,Real,0.0490634441087613,9,6,8,like | people | don
7487612560997649710,Real,0.0330703374181635,3,2,1,beautiful | love | amazing
7488005058433404206,Real,0.0110619469026548,3,2,11,try | almond | use
7488206695714376982,Real,0.0223009313918404,5,4,2,like | girl | know
7488447079543573806,Real,0.0452258064516129,5,4,0,yes | hi | early
7488784573929655595,Real,0.0814184529356943,48,9,8,like | people | don
7488951841976241430,Real,0.033044846577498,1,1,2,like | girl | know
7489112044579491118,Real,0.0089922480620155,4,4,0,beautiful | janet | super
7489924174287490326,Real,0.0390532544378698,1,1,11,try | almond | use
7490197905400417582,Real,0.0585990338164251,1,1,11,try | almond | use
7490278498326809902,Real,0.0423214285714285,26,9,10,feel | just | ve
7490653617582607662,Real,,1,1,0,yes | hi | early
7490912693637877038,Real,0.0403325123152709,1,1,2,like | girl | know
7491014852710960407,Real,0.0456692913385826,2,1,1,beautiful | love | amazing
7491097821064482070,Real,0.0366901408450704,46,8,8,like | people | don
7491303306619456814,Real,0.0223214285714285,3,3,1,beautiful | love | amazing
7491344142484786454,Real,0.0422943722943722,93,11,8,like | people | don
7491713457146875158,Real,0.0731637717121588,250,12,9,pay | like | just
7491798137116495127,Real,0.0464037122969837,12,6,1,beautiful | love | amazing
7492495280684813611,Real,0.0311538461538461,1,1,10,feel | just | ve
7492591003665222934,Real,0.0390693590869183,11,5,2,filter | like | pink
7492622359539567914,Real,0.0483746130030959,2,2,0,like | people | don
7492982129710632238,Real,0.0631366723259762,5,4,11,try | almond | use
7493273148360510763,Real,0.0101980198019801,3,2,2,like | girl | know
7493580768204229934,Real,0.0949618320610687,6,3,12,skin | kids | acne
7494255754568879403,Real,0.048099173553719,23,9,2,like | girl | know
7494659833673567530,Real,0.0677731673582296,3,3,1,beautiful | love | amazing
7495072453278993710,Real,0.0114563106796116,2,2,0,love | voice | girl
7495440126349184298,Real,0.0225210084033613,4,4,0,beautiful | love | amazing
7495446182601264427,Real,0.0985915492957746,4,3,14,love | voice | girl
7496152241867623726,Real,0.0284016824395373,6,3,11,try | almond | use
7496240734912171306,Real,0.0718562874251497,2,2,1,beautiful | love | amazing
7496568271907540270,Real,0.035747696669029,45,12,12,skin | kids | acne
7496908284599749910,Real,0.0226608187134502,2,1,14,love | voice | girl
7496943419483278635,Real,0.0062264150943396,1,1,11,try | almond | use
7497025482790128939,Real,0.0341274238227146,4,4,0,feel | just | ve
7497031519945526574,Real,0.0467775467775467,1,1,14,love | voice | girl
7497303818070248750,Real,0.1423275306254029,1,1,14,love | voice | girl
7497717866691579179,Real,0.0760772805086818,29,10,12,skin | kids | acne
7498003490615184682,Real,0.1200372972972973,218,11,2,like | girl | know
7498016904087522606,Real,0.0315075133301017,2,2,11,love | voice | girl
7498477770964471083,Real,0.0061946902654867,5,4,14,love | voice | girl
7498502516993199403,Real,0.0939565627950897,4,4,1,beautiful | love | amazing
7499146256774614318,Real,0.0765027322404371,2,2,6,janet | girl | like
7499173645273632046,Real,0.0401650165016501,20,7,10,feel | just | ve
7499585885634088235,Real,0.0144148936170212,11,6,1,beautiful | love | amazing
7499591201310379306,Real,0.0071203336384904,1,1,1,beautiful | love | amazing
7499632633089903894,Real,0.0246913580246913,4,2,8,like | people | don
7499948772949052703,KI,,10,4,0,yes | hi | early
7500286370909293870,Real,0.0319496855345911,7,3,14,love | voice | girl
7500322639446035734,Real,0.0164437354276598,3,3,3,filter | like | pink
7500687358904290603,Real,0.0318696883852691,105,8,10,feel | just | ve
7501127765278592299,Real,0.0719775347324859,7,4,14,love | voice | girl
7501406299788168490,Real,0.0745216515609264,3,3,0,filter | like | pink
7501425734402018591,KI,0.0313015789473684,197,14,6,janet | girl | like
7501898586729352491,Real,0.0671108995716325,3,2,1,beautiful | love | amazing
7502085413587242282,Real,0.0376551133932391,2,2,1,beautiful | love | amazing
7502431104868191534,Real,0.0387382401770891,4,3,14,love | voice | girl
7502520353323863326,Real,0.0106345089903181,16,7,6,janet | girl | like
7502832167098060078,Real,0.0115570934256055,4,2,11,love | voice | girl
7503254306401930538,Real,0.023695518723143,3,1,11,try | almond | use
7503287135475191071,Real,0.0179692307692307,4,4,6,janet | girl | like
7503716075150773547,Real,0.0574857864813645,3,2,1,beautiful | love | amazing
7503977682472799519,Real,0.0155245746691871,16,6,2,like | girl | know
7504011420049214762,Real,0.0164321608040201,9,5,7,filter | like | pink
7504321101728599339,Real,0.0893011216566005,7,3,11,try | almond | use
7504322408434666774,Real,0.0098998091603053,8,3,9,pay | like | just
7504837878636088618,Real,0.0665938864628821,7,4,1,beautiful | love | amazing
7504857170811374891,Real,0.0559345156889495,3,2,11,try | almond | use
7505164620680760622,Real,0.0342105263157894,5,5,0,feel | just | ve
7505471981089738006,Real,0.0326566637246248,4,2,14,love | voice | girl
7505551351800433966,Real,0.0465573770491803,2,2,0,love | voice | girl
7505859646574349590,Real,0.0175159235668789,2,2,0,beautiful | love | amazing
7506289943216459050,KI,0.0057204147300679,2,2,3,pay | like | just
7506290694378753326,KI,0.0080392156862745,13,6,2,filter | like | pink
7506648933209345322,Real,0.0426695842450765,1,1,2,like | girl | know
7506731868730150190,Real,0.0339976553341148,1,1,3,real | look | fake
7507064809809104171,Real,0.0511089681774349,3,2,14,love | voice | girl
7507776321662127406,Real,,12,9,8,like | people | don
7508126752489786670,Real,0.0209118541033434,3,2,11,try | almond | use
7508595352447061291,Real,0.0598019061857596,4,4,0,janet | girl | like
7509179013819026730,Real,0.0319546065402418,8,7,8,like | people | don
7509628335543094571,Real,0.0280608245806552,1,1,8,like | people | don
7509681180078476590,Real,0.0584329349269588,1,1,14,love | voice | girl
7510302983050120494,Real,0.0958316022711535,1,1,14,love | voice | girl
7510662905084284203,KI,0.0095351609058402,2,2,4,love | voice | girl
7510728612769844526,Real,0.0564591977869986,68,10,9,pay | like | just
7510800594165108010,Real,0.0330081300813008,3,2,7,filter | like | pink
7511054759613254958,Real,0.0389940661203729,12,8,14,love | voice | girl
7511376567344303402,KI,,54,10,8,like | people | don
7511431131489766678,Real,0.0499485066941297,5,5,0,feel | just | ve
7511522578217946414,KI,0.0081173899469247,4,4,0,beautiful | love | amazing
7511747439297154350,Real,0.0378301886792452,3,3,9,feel | just | ve
7511762433342573867,Real,0.0074207407407407,28,11,1,beautiful | love | amazing
7511816260028714286,KI,,62,11,8,like | people | don
7511845401453006122,Real,0.0245205479452054,3,2,14,love | voice | girl
7511884044372675882,Real,0.093578826237054,8,4,8,like | people | don
7511941576940211478,Real,0.0283066132264529,6,5,7,filter | like | pink
7512183654441946390,Real,0.0280866003510825,7,3,11,try | almond | use
7512300068234464534,Real,0.0258064516129032,1,1,10,feel | just | ve
7512478221342952750,Real,0.0528455284552845,2,1,11,try | almond | use
7512565678709214510,KI,0.0058325,83,9,8,like | people | don
7512582030551502122,Real,0.0260967741935483,8,7,1,beautiful | love | amazing
7512643920539700526,Real,0.0528255528255528,4,3,1,beautiful | love | amazing
7512821900368760106,Real,0.0261834939254294,1,1,10,feel | just | ve
7513240443446906155,KI,0.0142180094786729,3,2,9,pay | like | just
7513293613099617582,Real,0.0717351598173516,36,9,12,skin | kids | acne
7513299015258082582,Real,0.0116763969974979,1,1,14,love | voice | girl
7513420618172222742,Real,0.024173937920183,2,2,1,beautiful | love | amazing
7513438784013503746,Real,0.010828025477707,1,1,1,beautiful | love | amazing
7513744965122608430,KI,0.0024628034455755,27,9,2,like | girl | know
7514090813270396182,Real,0.0168334849863512,1,1,0,yes | hi | early
7514092308338625838,Real,0.0250272034820457,8,5,0,filter | like | pink
7514151176552877314,Real,0.0140132347216815,2,1,10,feel | just | ve
7514352675211742506,KI,0.0095891304347826,99,12,6,filter | like | pink
7514393787867712790,Real,0.0270185359723531,7,4,9,pay | like | just
7514407478319287598,KI,0.0109638357061037,3,3,1,beautiful | love | amazing
7514408212188138794,KI,0.0056951423785594,1,1,0,yes | hi | early
7514727131419610414,Real,0.0335533553355335,5,3,11,try | almond | use
7514749351839665454,Real,0.0294444444444444,4,3,0,yes | hi | early
7514822041409834262,Real,0.0060043049733771,8,4,7,filter | like | pink
7514848264022347054,KI,0.0051647909967845,10,6,4,robot | ai | janet
7515164038700125486,KI,,10,7,2,janet | girl | like
7515484229472505134,Real,0.05625,3,2,14,love | voice | girl
7515498238431055146,Real,0.0435769405356332,3,2,14,love | voice | girl
7515523805687696683,Real,0.0582785602503912,29,6,10,feel | just | ve
7515526310966431022,KI,0.0080854750216575,5,4,4,robot | ai | janet
7515528496903458090,KI,0.0040741495212874,4,4,0,janet | girl | like
7515820474983730478,Real,0.0287826086956521,8,6,1,beautiful | love | amazing
7515909476403252522,Real,0.0380864197530864,5,3,12,skin | kids | acne
7515922372151528750,KI,0.0238475177304964,102,12,4,robot | ai | janet
7515925552549678378,KI,0.0130379746835443,3,3,2,like | girl | know
7515925973037059371,KI,0.0111904761904761,1,1,2,like | girl | know
7515933454010191150,KI,0.1861010588392976,384,14,4,robot | ai | janet
7515962835751685422,KI,0.1286768421052631,159,12,2,like | girl | know
7515965875174771990,Real,0.0200573065902578,1,1,10,feel | just | ve
7516032103390203178,KI,0.0204470588235294,3,2,6,janet | girl | like
7516227742682139950,KI,0.0503204047217537,5,4,4,robot | ai | janet
7516228198313610539,KI,0.0277650429799426,5,2,2,like | girl | know
7516241082754010414,KI,0.0105438066465256,3,2,0,yes | hi | early
7516243181650988334,KI,0.0119058823529411,2,2,4,like | people | don
7516244049251208494,KI,0.012039312039312,3,3,0,like | people | don
7516270844784577838,Real,0.0477718550106609,87,10,10,feel | just | ve
7516281594814942486,Real,0.0128112158569011,1,1,2,like | girl | know
7516368375967206698,KI,0.0103394255874673,6,5,8,like | people | don
7516376664570416426,KI,0.0108024691358024,2,1,6,janet | girl | like
7516381596509900078,KI,0.0136694677871148,1,1,2,like | girl | know
7516394505831075114,KI,0.0155405405405405,3,2,2,like | girl | know
7516395955562859819,KI,0.0344075829383886,4,4,0,filter | like | pink
7516564086872624397,KI,0.0065510597302504,4,4,2,beautiful | janet | super
7516637350072470798,KI,0.0105281690140845,1,1,14,love | voice | girl
7516731678304292109,KI,0.0246938775510204,4,4,2,beautiful | janet | super
7516759679905680653,KI,0.0572405660377358,9,4,7,filter | like | pink
7516760670101179661,KI,0.0092857142857142,1,1,0,yes | hi | early
7516778187758587149,Real,0.093076923076923,17,6,12,skin | kids | acne
7516807932730674446,KI,0.0136734693877551,4,3,2,like | girl | know
7516955006088613175,KI,0.0067558528428093,1,1,3,real | look | fake
7516986883566554399,Real,0.0136146272855133,3,3,9,feel | just | ve
7516996543631740174,KI,0.0141503267973856,3,3,11,beautiful | janet | super
7517018723115453710,Real,0.0264179104477611,4,3,11,try | almond | use
7517330262225620246,Real,0.0193192272309107,2,2,8,feel | just | ve
7517363824454831415,Real,0.0198814229249011,1,1,0,yes | hi | early
7517412027267157261,Real,0.0170178282009724,6,4,8,like | people | don
7517658258698439991,Real,0.0488354620586025,1,1,9,pay | like | just
7517668450764852535,KI,0.0088927637314734,3,2,0,yes | hi | early
7517670042108972302,KI,0.0118832731648616,2,2,8,like | people | don
7517679263798103309,KI,,3,3,4,filter | like | pink
7517686652374977847,KI,,9,7,3,janet | girl | like
7517719281698671886,Real,0.0386842105263157,3,2,14,love | voice | girl
7517742989817498935,KI,0.0584909747292418,21,8,6,janet | girl | like
7517753507311635726,Real,0.0429864253393665,7,3,9,pay | like | just
7517757948110671159,KI,0.0180833333333333,1,1,7,filter | like | pink
7517758846761225527,KI,0.0203311258278145,2,2,2,like | girl | know
7517774065457728782,KI,0.0197380952380952,6,4,4,like | people | don
7517780483581693197,KI,0.0115853658536585,1,1,2,like | girl | know
7517830042206899469,KI,0.020509977827051,10,5,1,beautiful | love | amazing
7517913347971353878,Real,0.093090909090909,203,9,8,like | people | don
7518219680285232397,KI,0.0143506493506493,3,2,2,like | girl | know
7518222079955602743,KI,0.0270555555555555,4,3,7,filter | like | pink
7518444560670805270,Real,0.0126877643284235,5,4,14,love | voice | girl
7518623565260885270,Real,0.0235901730876605,2,2,2,like | girl | know
7518948408011345207,KI,0.0240322580645161,4,3,6,janet | girl | like
7519235869920791821,Real,0.0640076824583866,20,9,9,pay | like | just
7519268813393693966,Real,0.1917800131204898,124,11,9,pay | like | just
7519335359017274679,KI,0.0283606557377049,3,2,6,janet | girl | like
7519336027085999415,KI,0.021796875,6,3,4,robot | ai | janet
7519609560777149718,Real,0.0217495794280221,3,2,1,beautiful | love | amazing
7519944031648926998,Real,0.030820895522388,4,3,11,try | almond | use
7520049050889080119,Real,0.087409420289855,2,1,1,beautiful | love | amazing
7520275551416749326,Real,0.0686504829026363,2,1,2,like | girl | know
7520357410104413454,Real,0.0647976878612716,15,4,12,skin | kids | acne
7520462554389368086,Real,0.0215596330275229,11,4,10,feel | just | ve
7520644568753196301,Real,0.0404896421845574,7,5,1,beautiful | love | amazing
7520665992100318519,Real,0.0581395348837209,2,1,14,love | voice | girl
7520666543957527822,KI,0.006099,40,11,4,robot | ai | janet
7520744668934524174,Real,0.0067326732673267,1,1,1,beautiful | love | amazing
7521109672095452471,Real,0.1104591104734576,16,7,10,feel | just | ve
7521152925570206990,KI,0.0253164556962025,1,1,2,like | girl | know
7521155423680908558,KI,0.0227479526842584,1,1,0,yes | hi | early
7521157596263222542,KI,0.0329090909090909,2,2,0,beautiful | love | amazing
7521165149126855950,KI,0.0130365268724634,1,1,2,like | girl | know
7521165964478549262,KI,0.0324982392594828,3,3,0,janet | girl | like
7521176405971946765,KI,0.0555555555555555,1,1,13,beautiful | janet | super
7521177553156066573,KI,0.0166666666666666,2,1,6,janet | girl | like
7521188137482177847,KI,0.0239130434782608,6,3,1,beautiful | love | amazing
7521471271008308535,Real,0.072167487684729,3,3,1,beautiful | love | amazing
7521479634324606221,Real,0.0786227544910179,12,5,1,beautiful | love | amazing
7521486299098778894,KI,0.0105825242718446,2,2,2,like | girl | know
7521488514597276983,KI,0.0226959247648902,9,6,0,beautiful | love | amazing
7521490969468865847,KI,0.0099671052631578,15,8,14,love | voice | girl
7521520269064817975,Real,0.042910447761194,1,1,8,like | people | don
7521547859297078541,Real,0.0365217391304347,6,5,2,like | girl | know
7521758609311649038,Real,0.0514939605848696,2,2,11,love | voice | girl
7521932241715334422,Real,0.0062585034013605,4,4,2,like | girl | know
7522460858199313677,Real,,1,1,14,love | voice | girl
7522522552284007693,Real,0.043,2,2,8,feel | just | ve
7522645318085643575,Real,0.0616216216216216,1,1,14,love | voice | girl
7522913368491986189,Real,0.0431778929188255,2,2,1,beautiful | love | amazing
7522926821583719735,Real,0.0068270481144343,1,1,7,filter | like | pink
7523206686132260151,Real,0.1162746234067207,98,10,9,pay | like | just
7523297699995700494,Real,0.0375882352941176,3,2,2,like | girl | know
7524418720349834509,Real,0.0924203821656051,14,6,2,filter | like | pink
7524539648954207496,KI,0.0241371531694112,1,1,10,feel | just | ve
7524718203470236941,Real,0.1051020408163265,9,5,1,beautiful | love | amazing
7524933320296107319,Real,0.0812154696132596,1,1,14,love | voice | girl
7525168616736689421,Real,0.0492424242424242,15,6,12,skin | kids | acne
7525293677674007816,KI,0.0234933605720122,1,1,0,yes | hi | early
7525298608472739086,Real,0.0479638009049773,1,1,14,love | voice | girl
7525562997192822071,Real,0.0256953642384105,1,1,1,beautiful | love | amazing
7525634912628591885,Real,0.0573507462686567,6,5,10,feel | just | ve
7525915359585619213,Real,0.0088082901554404,2,2,0,like | girl | know
7525932787287772471,Real,0.0576107899807321,9,5,2,like | girl | know
7526278142583950647,Real,0.067522999479257,9,6,0,love | voice | girl
7526320359239339277,Real,0.0259948979591836,29,4,12,skin | kids | acne
7526714563346107655,KI,0.0135062128579146,2,2,0,robot | ai | janet
7526941223316114710,KI,0.1177037037037037,9,3,1,beautiful | love | amazing
7527019952914664759,Real,0.0233555767397521,4,4,1,beautiful | love | amazing
7527428564916948237,Real,0.0576062639821029,41,6,12,skin | kids | acne
7527432916985482551,Real,0.0425007699414844,6,5,0,yes | hi | early
7527504424869137719,Real,0.0520063694267515,13,7,1,beautiful | love | amazing
7527801554707991822,Real,0.0265848670756646,4,3,2,like | girl | know
7527815412596083981,Real,0.0530200959123087,81,11,11,try | almond | use
7527882715241155854,Real,0.0598434004474272,1,1,14,love | voice | girl
7528028389291134263,Real,0.0449771407389101,5,3,1,beautiful | love | amazing
7528074650144754999,Real,0.0177763207193705,30,8,2,janet | girl | like
7528171589142187278,Real,0.0034452006571227,12,7,11,try | almond | use
7528485663516200205,Real,0.0478481012658227,20,9,12,skin | kids | acne
7528554102993833230,Real,0.0748913043478261,9,6,7,filter | like | pink
7529306237012413751,Real,0.0251424740194435,1,1,14,love | voice | girl
7529321113172692238,Real,0.0308370044052863,2,2,7,filter | like | pink
7529921315294301495,Real,0.031918505942275,3,3,1,beautiful | love | amazing
7530778010195168525,Real,0.0030064406779661,12,7,1,beautiful | love | amazing
7531048008885062967,Real,0.18746,25,11,12,skin | kids | acne
7531084168680181047,Real,0.066006600660066,2,1,14,love | voice | girl
7531181466827410710,Real,0.0141935483870967,3,2,2,like | girl | know
7531428150627044621,Real,0.1944290220820189,45,10,3,real | look | fake
7531434937229053206,KI,,5,4,14,love | voice | girl
7531594750172892438,Real,0.0222137404580152,14,7,5,philippines | europe | country
7531884051523718455,Real,0.2174406880189798,47,9,2,like | girl | know
7532074246315494678,KI,,13,8,1,beautiful | love | amazing
7532120500668042518,Real,0.0089333333333333,2,2,1,beautiful | love | amazing
7532180573129903374,Real,0.1008872901678657,15,7,0,real | look | fake
7532214667817602317,Real,0.0472058823529411,20,6,9,pay | like | just
7532268492318346518,Real,,5,3,1,beautiful | love | amazing
7532463493098900758,KI,,12,8,1,beautiful | love | amazing
7532537144246586637,KI,,32,6,8,like | people | don
7532913199922810134,KI,0.0476174944403261,17,7,1,beautiful | love | amazing
7532969057016876310,Real,0.0326627218934911,9,5,14,love | voice | girl
7533692424250510647,Real,0.0356874530428249,2,2,1,beautiful | love | amazing
7533812468305448214,Real,0.0134146341463414,6,3,11,try | almond | use
7534162247740820749,Real,0.0377924415116976,4,2,11,love | voice | girl
7534186979995454742,Real,0.0754987834549878,46,9,5,philippines | europe | country
7534440713413463310,Real,0.0325018896447467,2,1,11,try | almond | use
7534522209105202454,Real,0.0424719101123595,5,3,5,philippines | europe | country
7534729098552266039,Real,0.059973924380704,1,1,14,love | voice | girl
7534764167299927351,Real,0.0403985995152168,2,1,14,love | voice | girl
7534803885714722062,Real,,22,8,12,skin | kids | acne
7534834355135384846,Real,0.0830073880921338,4,4,1,beautiful | love | amazing
7535250376027639053,Real,0.0443840579710144,10,4,14,love | voice | girl
7535251218210344247,Real,0.0842592592592592,3,3,1,beautiful | love | amazing
7535265342570974486,Real,0.05698224852071,26,9,14,love | voice | girl
7535558064473148685,Real,0.044776119402985,2,2,0,beautiful | love | amazing
7535861065935064333,Real,0.0448837830617152,9,6,0,yes | hi | early
7535881652539510038,KI,0.1225594432630968,12,5,1,beautiful | janet | super
7535970277197434125,Real,0.0432,2,2,6,janet | girl | like
7536387474642324758,Real,0.0378998670801949,486,13,5,philippines | europe | country
7536546674508942614,KI,0.0696180555555555,39,6,1,beautiful | love | amazing
7536618017220742413,Real,0.0643274853801169,1,1,7,filter | like | pink
7536684898912865550,Real,0.0372807017543859,1,1,0,yes | hi | early
7536797438607232278,Real,0.075474280320906,42,9,9,pay | like | just
7537160514204486926,Real,0.0262766484878532,3,1,11,try | almond | use
7537311024018509111,Real,,9,6,1,beautiful | love | amazing
7537330858357706006,KI,0.0373413830954994,54,9,14,love | voice | girl
7537627596612324630,Real,0.0359965981134993,149,13,11,try | almond | use
7537722211973500174,Real,,23,8,2,like | girl | know
7537776291597061389,Real,0.0492154065620542,3,2,1,beautiful | love | amazing
7537880860989623574,Real,0.0410484454085321,16,5,5,pay | like | just
7538093152100470030,Real,0.0669669669669669,5,4,11,try | almond | use
7538289927163890966,Real,0.0439728353140916,101,11,10,feel | just | ve
7538416839257230614,KI,0.0832771409305462,12,6,14,love | voice | girl
7538462532420242743,Real,0.0387486669036615,2,2,1,beautiful | love | amazing
7538581166312426774,Real,,374,12,9,pay | like | just
7538800698633227534,Real,,12,2,0,yes | hi | early
7538812930855308566,KI,,10,3,14,love | voice | girl
7538849918883007799,Real,0.0071344904695985,6,4,11,skin | kids | acne
7538855684629089549,Real,0.1008955223880597,8,4,9,pay | like | just
7538983658435267862,Real,0.0127794117647058,20,9,0,pay | like | just
7539244955202620685,Real,0.0565410199556541,4,3,14,love | voice | girl
7539278012169112854,KI,0.0824075609351683,6,4,1,beautiful | janet | super
7539363850659892493,Real,0.1798035294117647,85,13,12,skin | kids | acne
7539388300373658882,Real,0.0540560869565217,933,15,5,philippines | europe | country
7539540623297187086,Real,0.0263363363363363,15,7,0,yes | hi | early
7539731621390437654,Real,0.0607330827067669,70,13,11,try | almond | use
7539739223503424782,Real,0.0488829787234042,4,3,2,like | girl | know
7539834700018224406,Real,0.0246666666666666,74,9,5,philippines | europe | country
7539911944354958606,Real,0.0176666666666666,5,2,0,yes | hi | early
7539922190657916182,KI,0.0863330993682943,22,5,14,love | voice | girl
7540030094283214094,Real,0.0016295913088463,5,4,2,like | girl | know
7540098051357117718,Real,0.0905571327182398,226,12,9,pay | like | just
7540311724214209847,Real,0.0467984763286776,2,2,1,beautiful | love | amazing
7540468986408996118,Real,0.0349198868991517,44,11,1,beautiful | love | amazing
7540712749383306509,Real,0.0750299401197604,17,4,11,try | almond | use
7540839551321787670,Real,0.0533333333333333,59,10,5,philippines | europe | country
7541025029543185719,Real,0.0173118279569892,3,3,0,janet | girl | like
7541046023326567702,KI,0.0937262357414448,10,5,0,beautiful | love | amazing
7541107753645804814,Real,0.0902985074626865,24,5,9,pay | like | just
7541201206522268950,Real,0.0419427148194271,282,12,5,philippines | europe | country
7541395523085929783,Real,0.016497461928934,2,2,0,janet | girl | like
7541583039768366358,Real,0.05403,50,9,1,beautiful | love | amazing
7541766006897773838,Real,0.0202970297029702,2,2,2,feel | just | ve
7541913911063350550,Real,0.0426265972550875,74,11,2,like | girl | know
7542316254174924054,Real,0.03717659137577,34,10,2,like | girl | know
7542533530698452254,Real,0.0311470588235294,12,2,0,yes | hi | early
7542568220398603542,KI,0.0805027932960893,15,6,14,love | voice | girl
7542706910147972374,Real,0.0458897071416338,287,12,9,pay | like | just
7542950367483415863,Real,0.0078258333333333,65,10,11,try | almond | use
7543046503951043862,Real,0.0511374407582938,106,12,5,philippines | europe | country
7543065531541163278,Real,0.0568916518650088,119,13,11,try | almond | use
7543247251653545238,KI,0.0664406779661016,24,6,0,beautiful | love | amazing
7543414216791837974,Real,0.0450451535219747,138,13,1,beautiful | love | amazing
7543637449092664598,KI,0.0390225842280636,39,7,1,beautiful | love | amazing
7543698555874200846,Real,0.014378698224852,14,7,11,try | almond | use
7543856931107130679,Real,0.0366470588235294,51,10,9,pay | like | just
7544023587599158530,KI,,14,7,13,beautiful | janet | super
7544188725404716343,Real,0.0261374045801526,28,9,9,pay | like | just
7544422711519382806,KI,,7,6,14,love | voice | girl
7544551269566827789,Real,0.0329575228265184,357,13,5,philippines | europe | country
7544937254771346743,Real,0.1500111111111111,258,13,5,philippines | europe | country
7545264300588322062,Real,0.0226114649681528,9,6,10,feel | just | ve
7545462497394953474,KI,,15,7,1,beautiful | love | amazing
7545662326708440375,Real,0.0192307692307692,2,2,5,like | people | don
7545906462413901078,KI,,3,3,0,beautiful | janet | super
7546040113751461175,Real,0.0369811320754717,44,6,7,filter | like | pink
7546048213803994382,Real,0.0225639987857937,7,7,0,beautiful | janet | super
7546202218865642774,KI,0.0287775377969762,33,8,1,beautiful | love | amazing
7546324425650572599,Real,0.0244883040935672,7,4,12,skin | kids | acne
7546353339655539982,Real,0.0096949633483092,1,1,14,love | voice | girl
7546421612342430990,Real,0.0218421052631578,6,4,14,love | voice | girl
7546457207001320718,Real,,5,4,2,like | girl | know
7546709638838766903,Real,0.0286,16,8,11,try | almond | use
7546769400129490189,Real,0.0288235294117647,6,5,1,beautiful | love | amazing
7547031024178416910,Real,0.0567521367521367,12,7,11,try | almond | use
7547183794344709389,Real,0.0087262658227848,18,7,5,filter | like | pink
7547396423378078989,Real,,5,5,1,beautiful | love | amazing
7547734224518909214,KI,0.0034375,6,4,4,robot | ai | janet
7547769174534262071,KI,,35,9,3,real | look | fake
7547823767309798678,KI,0.0670336787564766,59,9,1,beautiful | love | amazing
7547880032220318990,Real,0.0265536723163841,6,4,9,pay | like | just
7548124291565407510,KI,0.0571798780487804,29,7,14,love | voice | girl
7548319551251877175,Real,0.0194380292532717,2,2,9,love | voice | girl
7548448008547978518,KI,0.0809439788266431,11,4,1,beautiful | love | amazing
7548921722687229197,Real,0.1191228070175438,8,4,1,beautiful | love | amazing
7549029648131280142,Real,0.0468172888015717,26,10,1,beautiful | love | amazing
7549295729336929591,Real,0.0362072867164516,6,3,10,feel | just | ve
7549594414700711190,KI,0.1069230769230769,31,7,1,beautiful | love | amazing
7549597611666197815,Real,0.054601226993865,3,3,1,beautiful | love | amazing
7549757988236561677,Real,0.0267222358421181,8,6,5,philippines | europe | country
7549933681536781623,Real,0.0272473478503629,4,4,2,beautiful | janet | super
7550410027597696269,Real,0.0035884353741496,1,1,14,love | voice | girl
7550501572598320439,Real,0.015076923076923,9,4,8,like | people | don
7550783338580167949,Real,0.0259857482185273,19,8,12,skin | kids | acne
7551070397182135565,Real,,3,3,1,beautiful | janet | super
7551252616324402446,Real,0.0314606741573033,14,5,8,like | people | don
7551387599361805590,KI,,13,6,1,beautiful | love | amazing
7551518806485568782,Real,0.0114921090387374,19,9,11,try | almond | use
7551636497116482829,Real,0.028681920721882,1,1,2,like | girl | know
7551919404108287245,Real,0.0306233062330623,29,7,11,try | almond | use
7551930939279019286,KI,,7,3,1,beautiful | love | amazing
7552018309303061773,Real,0.0337295213620301,4,3,8,like | people | don
7552198862060997901,Real,0.047578125,115,12,9,pay | like | just
7552640359558319391,Real,,4,4,0,beautiful | janet | super
7552986467702787383,Real,0.07687959299039,1,1,14,love | voice | girl
7552987518983998750,Real,0.0643026004728132,5,4,7,filter | like | pink
7553089108864765239,Real,0.145527950310559,26,5,14,love | voice | girl
7553097771964730637,Real,0.0443790849673202,12,6,12,skin | kids | acne
7553116638317514039,Real,,1,1,1,beautiful | love | amazing
7553118406245895479,Real,0.0269230769230769,5,3,3,real | look | fake
7553292285115370774,KI,0.0583747178329571,36,6,14,love | voice | girl
7553672395324722446,Real,0.0290474156343442,5,3,5,philippines | europe | country
7553674057238056205,KI,,13,8,0,yes | hi | early
7553750555999440183,Real,0.0314792583700146,10,6,1,beautiful | love | amazing
7553785296270216503,Real,,4,2,14,love | voice | girl
7553828189915581709,Real,0.0314347826086956,8,6,8,like | people | don
7554083129233771831,Real,,7,4,1,beautiful | love | amazing
7554101526759755021,Real,0.0430821293765456,7,5,0,skin | kids | acne
7554160608552209677,Real,,1,1,3,real | look | fake
7554183968254381326,Real,0.0382218529289572,9,5,10,feel | just | ve
7554390439604833558,KI,,156,9,14,love | voice | girl
7554553670101208375,Real,0.0242732147897262,2,2,6,janet | girl | like
7554570861651512590,Real,0.0481017690320015,8,3,8,like | people | don
7554589737407876407,Real,0.0444897959183673,41,10,8,like | people | don
7554773861150051639,Real,0.0637775960752248,4,4,0,beautiful | love | amazing
7554955400274087181,Real,0.0291219296955434,10,5,7,filter | like | pink
7555174571914169613,Real,0.1479106438896189,106,9,1,beautiful | love | amazing
7555179434228370702,Real,0.0341310317771675,4,3,13,beautiful | janet | super
7555281904333868301,Real,0.0518590998043052,2,2,8,like | people | don
7555557494966209805,Real,0.0485576923076923,4,3,1,beautiful | love | amazing
7555589200045755662,Real,0.0217909431392577,2,2,0,love | voice | girl
7555600275784928525,Real,0.0233322379231022,3,2,1,beautiful | love | amazing
7555641617537830158,Real,0.0209542230818826,2,2,2,like | girl | know
7555704549206412557,Real,0.0624183006535947,24,6,8,like | people | don
7555902323755715863,KI,0.0734027055150884,57,10,1,beautiful | love | amazing
7555918299729513742,Real,0.0886162235855487,6,5,1,beautiful | love | amazing
7555967850796649783,Real,0.0361607142857142,6,4,12,skin | kids | acne
7556124653954043149,Real,0.0398183723367097,7,3,1,beautiful | love | amazing
7556254192692628791,Real,0.0701330108827085,4,4,0,like | girl | know
7556341035450846519,Real,0.022258414766558,1,1,1,beautiful | love | amazing
7556374286840122637,Real,0.0139339826839826,5,5,7,feel | just | ve
7556434998639774989,Real,0.0292397660818713,2,1,8,like | people | don
7556708722354031886,Real,0.0473140495867768,46,12,8,feel | just | ve
7557086176969067789,KI,,11,6,4,robot | ai | janet
7557120017620421902,Real,0.0398989898989899,4,3,7,filter | like | pink
7557236751140425015,Real,0.0140652818991097,4,3,7,filter | like | pink
7557423140570205495,Real,0.0489145369607034,39,6,7,filter | like | pink
7557877729522126093,Real,0.0992700729927007,2,2,0,love | voice | girl
7558061810100800790,KI,0.0852317880794702,22,7,1,beautiful | love | amazing
7558121309847260430,Real,0.0949553571428571,13,8,7,filter | like | pink
7558210168161373495,Real,0.0446593949372298,10,4,10,feel | just | ve
7558447351866739990,KI,0.1130952380952381,9,5,14,love | voice | girl
7558499012614049079,Real,0.0315366972477064,1,1,1,beautiful | love | amazing
7558579556148333837,KI,0.0056421591437878,12,6,0,yes | hi | early
7558584326791695629,Real,0.0596569724086502,25,7,8,like | people | don
7558607700104334605,Real,0.1196443007275667,7,5,14,love | voice | girl
7558678998419557646,Real,0.033859649122807,5,3,0,like | girl | know
7558807070435183894,KI,0.0979521074872683,11,5,1,beautiful | janet | super
7559000134357503245,Real,0.072356215213358,2,1,14,love | voice | girl
7559000300493786423,Real,0.0457963089542036,1,1,2,like | girl | know
7559001576057212174,Real,0.0947136563876652,1,1,14,love | voice | girl
7559172730050940182,KI,,54,9,14,love | voice | girl
7559282666210659639,Real,,1,1,2,like | girl | know
7559310758178344206,Real,0.0222488038277511,8,5,11,try | almond | use
7559340490802351373,Real,0.0293255131964809,4,4,0,like | girl | know
7559628295269010719,Real,0.0642372881355932,11,6,9,pay | like | just
7559661143694920974,Real,0.0988274706867671,1,1,14,love | voice | girl
7559698377374567694,Real,,1,1,14,love | voice | girl
7559730317309906190,Real,0.0612492419648271,5,4,8,like | people | don
7559765010977672462,Real,0.0888252148997134,1,1,1,beautiful | love | amazing
7559780588761222413,Real,,3,3,0,beautiful | love | amazing
7559808897750519070,Real,0.0365934797072521,8,7,2,like | girl | know
7560172424734559543,Real,0.0701065619742007,1,1,6,janet | girl | like
7560380219232750861,Real,0.0436312456016889,7,4,1,beautiful | love | amazing
7560739514151357709,Real,0.0379867046533713,4,2,8,like | people | don
7560821228483693879,Real,0.0407035175879397,6,3,14,love | voice | girl
7560840845386173710,Real,0.0529247910863509,2,2,1,beautiful | love | amazing
7560879927826926903,Real,0.1189320388349514,2,2,1,beautiful | love | amazing
7561220858115542327,Real,,40,7,12,skin | kids | acne
7561224027239370039,Real,,2,2,0,filter | like | pink
7561274733405228343,Real,,4,2,9,pay | like | just
7561475864060267789,Real,0.0817652329749104,10,6,0,pay | like | just
7561526909234990391,KI,,28,8,0,yes | hi | early
7561610021037935927,Real,0.0228682170542635,10,5,1,beautiful | love | amazing
7561823947482746167,Real,0.0149019607843137,9,6,11,try | almond | use
7561863279434304781,Real,0.0343706456107756,5,3,9,pay | like | just
7561901530916343095,Real,0.0577342047930283,4,3,14,love | voice | girl
7561963528253459726,Real,0.0748663101604278,7,1,14,love | voice | girl
7562161851438468365,Real,0.144671274714676,7,4,1,beautiful | love | amazing
7562327491810004237,Real,0.0587121212121212,1,1,8,like | people | don
7562366522283347214,Real,0.0512249443207126,3,3,2,beautiful | janet | super
7562694354532338999,Real,0.0648959474260679,2,1,7,filter | like | pink
7562759201773145357,Real,0.0485252140818268,5,4,11,try | almond | use
7563283854014811406,Real,0.0790816326530612,5,2,14,love | voice | girl
7563384066880458039,Real,0.0187449062754686,2,2,11,love | voice | girl
7563476980486737166,Real,0.0491551459293394,1,1,14,love | voice | girl
7564052557161696567,Real,0.0649657320872274,45,8,9,pay | like | just
7564264416175279415,Real,0.0251379521765787,3,3,1,beautiful | love | amazing
7564443145912487190,KI,0.1124857561452059,14,4,0,yes | hi | early
7564485834972400909,Real,0.0258407079646017,18,5,10,feel | just | ve
7564526843601243447,Real,0.0473588342440801,2,2,2,like | girl | know
7564590265336401207,Real,0.0657306955966815,2,2,1,beautiful | love | amazing
7564790156624973069,Real,0.0579603815113719,1,1,14,love | voice | girl
7564914123608296759,Real,0.0468965517241379,9,5,0,like | people | don
7565035422875651359,Real,0.0362645176582128,10,8,5,pay | like | just
7565176822346894647,Real,0.026877133105802,3,3,1,beautiful | love | amazing
7565209380782755075,KI,0.1628026790314271,22,3,1,beautiful | love | amazing
7565641373844589838,Real,0.0947260774287801,38,8,14,love | voice | girl
7565669163226664205,Real,0.0373740656483587,11,3,9,pay | like | just
7565671642467142925,Real,0.0489560835133189,1,1,9,pay | like | just
7565897317576871190,KI,0.1334654773703336,12,5,14,love | voice | girl
7565916852321275150,KI,,10,7,4,filter | like | pink
7566068080628059406,Real,0.0346282299173844,5,4,8,like | people | don
7566252973051890966,KI,0.1278797996661101,20,4,0,yes | hi | early
7566273071540129079,Real,0.0254700854700854,7,6,10,feel | just | ve
7566318661556768055,Real,0.0904371584699453,2,2,8,like | people | don
7566321004247518478,Real,0.0507246376811594,1,1,2,like | girl | know
7566467293836791053,Real,0.0767590618336887,1,1,1,beautiful | love | amazing
7566491032821566775,Real,0.0489913544668587,2,2,0,beautiful | love | amazing
7566673177938627895,Real,0.0480103806228373,2,2,2,like | girl | know
7566695291764624662,KI,0.1165730337078651,6,3,1,beautiful | love | amazing
7566710926020267277,KI,0.007175866495507,10,5,0,yes | hi | early
7567065523305909517,Real,0.0540240811153358,7,5,2,janet | girl | like
7567124922976177422,Real,0.0478610758153324,6,4,1,beautiful | love | amazing
7567209303002631438,Real,0.0545536519386835,4,3,2,like | girl | know
7567383351846374678,KI,0.1003876487100655,26,6,14,love | voice | girl
7567423930361793847,Real,0.0531622364802933,1,1,9,pay | like | just
7568526518398274838,KI,0.1323708824725498,34,7,1,beautiful | love | amazing
7568688050927160590,Real,0.0609367894497498,10,5,5,like | people | don
7569062075532659981,Real,0.0679963735267452,1,1,0,yes | hi | early
7569249889511558413,Real,0.0861308918277382,5,4,14,love | voice | girl
7569373553003400462,Real,0.013919575784357,4,3,11,try | almond | use
7569401754798787895,Real,0.0770434782608695,15,9,2,like | girl | know
7569420590960872718,Real,0.0794281175536139,2,2,7,filter | like | pink
7569609573775052054,KI,0.037707399103139,63,10,1,beautiful | love | amazing
7569648383380425997,Real,0.0594260136914165,230,14,11,try | almond | use
7569652779422190903,Real,0.066010660106601,4,4,0,beautiful | love | amazing
7569671852470193422,Real,0.04490022172949,20,5,9,pay | like | just
7569744895179525431,Real,0.0406010230179028,7,5,11,love | voice | girl
7570041308157349133,Real,0.046998229518751,10,5,2,like | girl | know
7570044801970720031,KI,,80,10,6,janet | girl | like
7570163794408656141,Real,0.0732543640897755,3,2,14,love | voice | girl
7570347487173594382,Real,0.04235807860262,4,3,9,pay | like | just
7570866591684922679,Real,0.0314371257485029,3,2,6,janet | girl | like
7570934735275429175,Real,0.0198120915032679,2,2,1,beautiful | love | amazing
7571124842783624462,Real,0.0509648688767936,8,3,11,try | almond | use
7571134885608393998,Real,0.1089324618736383,3,2,1,beautiful | love | amazing
7571141578966699286,KI,0.0786377708978328,11,5,14,love | voice | girl
7571169548494277901,Real,0.019669551534225,2,2,1,beautiful | love | amazing
7571206423640575246,Real,0.0544361965358784,16,7,8,like | people | don
7571215492359245111,Real,0.0870747368421052,1928,13,12,skin | kids | acne
7571316412438924558,Real,0.0533629794330183,1,1,14,love | voice | girl
7571506841398562078,Real,0.0463200684638425,26,10,6,janet | girl | like
7571559980705271053,Real,0.0394666666666666,61,10,9,pay | like | just
7571568982323367182,Real,,10,6,11,try | almond | use
7571577355110452493,Real,0.0666290231507622,38,8,10,feel | just | ve
7571646194628283703,Real,0.1576750700280112,29,9,9,pay | like | just
7571669530615745847,Real,0.0408895265423242,7,3,8,like | people | don
7571687090195352846,Real,0.08,3,2,8,like | people | don
7571941774927662349,Real,0.0403780068728522,4,2,11,try | almond | use
7571971620856794381,Real,0.0592736486486486,159,7,10,feel | just | ve
7572005355618585911,Real,0.0237226277372262,50,9,7,filter | like | pink
7572065309809593613,Real,0.0392156862745098,9,8,14,love | voice | girl
7572263213379636493,Real,0.0570884871550903,1,1,1,beautiful | love | amazing
7572323148603952439,Real,0.0373948270489249,2,2,0,like | girl | know
7572403909822663991,Real,0.0567066521264994,2,2,7,filter | like | pink
7572424419478392119,Real,0.0269250125817815,6,4,7,filter | like | pink
7572704074274000150,KI,0.1228137612915625,51,11,14,love | voice | girl
7572715593695120653,Real,0.0375475285171102,7,5,2,like | girl | know
7572730954842754318,Real,0.0632603406326034,2,2,9,love | voice | girl
7572735434271264030,Real,0.0452006094464195,11,5,0,yes | hi | early
7573077876866600205,Real,0.0467055879899916,3,2,14,love | voice | girl
7573086048201329933,Real,0.0610260653702937,8,5,8,like | people | don
7573102355244158222,Real,0.0146651270207852,11,6,8,like | people | don
7573392493601983757,Real,0.0288461538461538,2,2,11,love | voice | girl
7573473414455889166,Real,0.0177186963979416,8,5,7,filter | like | pink
7573527601692626189,Real,0.0551322751322751,116,12,8,like | people | don
7573665976961633538,KI,,23,7,1,beautiful | love | amazing
7573749027381054734,Real,,8,6,0,love | voice | girl
7573750473170177335,Real,0.0472263868065967,3,2,1,beautiful | love | amazing
7573829050339167543,Real,0.0823451910408432,7,4,0,beautiful | love | amazing
7573897645236702519,Real,0.1103202846975089,7,2,14,love | voice | girl
7574153672880295181,Real,0.0885860306643952,8,5,0,beautiful | love | amazing
7574176487209848078,Real,0.0352890235981814,10,5,0,yes | hi | early
7574221523779669303,Real,0.0658919520336259,104,12,9,pay | like | just
7574426534669274390,KI,0.1083957430035475,8,3,1,beautiful | love | amazing
7574796249426087171,KI,0.1186230807330361,7,4,1,beautiful | love | amazing
7574835700596690190,Real,0.0875,11,6,11,try | almond | use
7574883870848388365,Real,0.0656146179401993,2,2,0,like | girl | know
7574942343229426999,Real,0.0260199833472106,3,2,1,beautiful | love | amazing
7574971769090542903,Real,0.0243214663376806,1,1,6,janet | girl | like
7574997117249277198,Real,0.01291280148423,5,5,2,filter | like | pink
7575156729093033238,KI,,12,5,1,beautiful | love | amazing
7575253808343797005,Real,0.1248249027237354,23,8,9,pay | like | just
7575349966638419255,Real,0.0511296076099881,1,1,2,like | girl | know
7575521402179112214,KI,,15,4,1,beautiful | love | amazing
7575688299285728526,Real,,20,6,1,beautiful | love | amazing
7575726170272959757,Real,0.0440251572327044,2,2,11,beautiful | janet | super
7576336236751703309,Real,0.029505865623889,17,8,11,try | almond | use
7576342339191344397,Real,0.0894717489888466,18,7,8,like | people | don
7576454497531186487,Real,0.0228357191547375,2,2,1,beautiful | love | amazing
7576636344949067030,KI,,13,3,1,beautiful | love | amazing
7576637475431517453,Real,0.1246020761245674,38,6,1,beautiful | love | amazing
7576710029588450574,Real,0.0545058139534883,35,6,10,feel | just | ve
7576722312632732941,Real,0.2472928429726842,286,13,8,like | people | don
7576766953323318583,KI,0.0016696783520057,3,2,0,yes | hi | early
7577024983390604566,KI,,5,2,1,beautiful | love | amazing
7577075887628193079,Real,0.0299272040981396,2,2,7,filter | like | pink
7577086972745813262,Real,0.0223255813953488,405,11,11,try | almond | use
7577105371311918391,KI,0.0043826135105204,24,5,0,yes | hi | early
7577124976189394190,Real,0.0913934426229508,8,5,14,love | voice | girl
7577226147985886477,Real,0.0694980694980695,4,2,8,like | people | don
7577420933556636950,KI,,39,8,1,beautiful | love | amazing
7577433848208772407,Real,0.0658156028368794,54,9,9,pay | like | just
7577558634071133454,Real,0.0323251748251748,11,7,0,like | people | don
7577578342128323895,Real,0.0267950052029136,2,2,0,love | voice | girl
7577597999690288398,Real,0.0375312760633861,2,2,7,filter | like | pink
7577802075036339478,KI,,13,3,14,love | voice | girl
7578121325433179414,KI,,23,6,1,beautiful | love | amazing
7578211360698338574,Real,0.0415464512406232,12,7,1,beautiful | love | amazing
7578327833198578958,Real,0.0460299194476409,3,2,0,yes | hi | early
7578387393992985870,Real,0.0543442622950819,63,8,11,try | almond | use
7578555804157103391,Real,,179,9,0,yes | hi | early
7578615192465034551,Real,0.0920032403656984,9,8,8,like | people | don
7578617058611465486,Real,0.0261448792672772,12,6,14,love | voice | girl
7578689775440317710,Real,0.0481538461538461,173,11,9,pay | like | just
7578865949692923158,KI,,7,4,1,beautiful | love | amazing
7578925675009019149,Real,0.1031073446327683,19,6,1,beautiful | love | amazing
7578976964178939150,Real,,5,3,0,feel | just | ve
7579021618341514510,Real,0.0177514792899408,3,2,11,try | almond | use
7579052280859626807,Real,0.0354025218234723,1,1,1,beautiful | love | amazing
7579071940338502967,Real,0.0372863801139306,2,2,5,pay | like | just
7579234612044385558,KI,,15,6,1,beautiful | love | amazing
7579265308502822199,Real,0.1042692939244663,21,9,14,love | voice | girl
7579288429683395853,Real,0.079702444208289,3,3,7,feel | just | ve
7579347487303961870,Real,0.0192967409948542,1,1,9,pay | like | just
7579372956065828110,Real,0.023125,4,4,1,beautiful | love | amazing
7579435300196289823,Real,0.0383314543404735,3,3,1,beautiful | love | amazing
7579499312992800030,Real,0.0386792452830188,2,2,1,beautiful | janet | super
7579650710946565398,KI,,21,5,1,beautiful | love | amazing
7579654766154845495,Real,0.0670995670995671,6,4,9,love | voice | girl
7579666136371957005,Real,0.1061093247588424,6,4,1,beautiful | love | amazing
7579690763647323447,Real,0.0221221864951768,8,6,14,love | voice | girl
7579704779195141431,Real,0.0203238029624526,5,3,11,love | voice | girl
7579749850854591799,Real,0.0220261437908496,14,6,11,try | almond | use
7579789434795740430,Real,0.0620567375886524,1,1,14,love | voice | girl
7579970858861776131,KI,,6,3,14,love | voice | girl
7580025735025347895,Real,0.0457227138643067,1,1,2,like | girl | know
7580101354752937229,Real,0.0554177005789909,2,2,9,pay | like | just
7580357494317255958,KI,,7,4,1,beautiful | love | amazing
7580717312454544662,KI,,12,5,1,beautiful | love | amazing
7580756817660153143,Real,0.1319910514541387,6,4,2,like | girl | know
7580839541624311070,Real,0.0310796074154852,3,1,11,try | almond | use
7581179281129180471,Real,0.0711267605633802,7,3,1,beautiful | love | amazing
7581196165069180174,Real,0.0805970149253731,10,4,14,love | voice | girl
7581338926158318862,Real,0.0475675675675675,92,9,9,pay | like | just
7581529771729849614,Real,0.0357715430861723,41,11,8,like | people | don
7581573134931791106,KI,,8,4,1,beautiful | love | amazing
7581694631000182030,Real,0.0447325974025974,527,13,12,skin | kids | acne
7581882382412762381,Real,0.1177347242921013,9,6,2,like | girl | know
7581886525315484942,Real,0.0519480519480519,5,5,1,beautiful | love | amazing
7581943861967195405,Real,0.0212387129594302,11,6,1,beautiful | love | amazing
7581992977753525559,Real,0.0102994011976047,9,6,12,skin | kids | acne
7582000046812564767,Real,0.0151911995809324,1,1,11,try | almond | use
7582010058960162061,Real,0.0115638766519823,4,3,11,try | almond | use
7582208719363001622,KI,,12,4,1,beautiful | love | amazing
7582282589117877517,Real,0.0172744721689059,3,3,1,beautiful | love | amazing
7582394428824898830,Real,0.0651955867602808,6,5,7,filter | like | pink
7582412763167722807,Real,0.0313364055299539,2,2,2,like | girl | know
7582570723521072406,KI,,5,2,1,beautiful | love | amazing
7582642557671263502,Real,0.0801335559265442,2,2,0,love | voice | girl
7582646476103339319,Real,0.0457894736842105,9,6,0,yes | hi | early
7582649070892666126,Real,0.1293625914315569,10,5,14,love | voice | girl
7582654194486676749,Real,0.0468883205456095,2,1,9,pay | like | just
7582696594223500574,Real,,61,10,0,yes | hi | early
7582942737993911574,KI,,7,4,1,beautiful | janet | super
7583072848051326222,KI,0.0051503394762366,19,6,0,yes | hi | early
7583187824862629175,Real,0.0169724770642201,18,10,2,like | girl | know
7583323062016298262,KI,,23,6,14,love | voice | girl
7583486592489180430,Real,0.0804953560371517,9,6,0,yes | hi | early
7583896240472034591,Real,0.0525283653172713,10,7,1,beautiful | love | amazing
7584055850751331606,KI,,32,6,14,love | voice | girl
7584103768086613303,Real,0.0514785812989405,37,8,1,beautiful | love | amazing
7584139948933074231,Real,0.0235672514619883,25,6,11,try | almond | use
7584149382988188942,Real,0.0411042944785276,3,1,8,like | people | don
7584299994039995661,Real,0.0606848721283051,5,3,7,filter | like | pink
7584425953653230870,KI,,13,5,14,love | voice | girl
7584481148819016991,Real,,5,4,0,yes | hi | early
7584497958012407053,Real,0.1007095158597662,14,7,9,love | voice | girl
7584504317059648823,Real,0.0513950073421439,1,1,14,love | voice | girl
7584518400546753805,Real,0.0110268780151619,2,2,11,skin | kids | acne
7584777916710915330,KI,,27,8,1,beautiful | love | amazing
7584849654525742391,Real,0.0380952380952381,3,3,0,beautiful | love | amazing
7585051426884177207,Real,0.1487513340448239,133,13,12,skin | kids | acne
7585153378175552790,KI,,24,5,1,beautiful | love | amazing
7585210977814203662,Real,0.0123364485981308,5,3,1,beautiful | love | amazing
7585333723441171767,Real,0.0483349191246431,1,1,2,like | girl | know
7585430559300521230,Real,0.0411827956989247,13,4,10,feel | just | ve
7585545439458364694,KI,,15,3,1,beautiful | love | amazing
7585649861740072247,Real,0.0189177298724153,16,6,11,try | almond | use
7585675002108857655,Real,0.0493887530562347,3,3,0,beautiful | janet | super
7585690004333088013,Real,0.0170392371424105,16,9,0,filter | like | pink
7585924364328144151,KI,,24,5,14,love | voice | girl
7586016964758326541,Real,0.0228034875922199,1,1,7,filter | like | pink
7586031520335318285,Real,0.0367137809187279,48,7,10,feel | just | ve
7586307017942306070,KI,,11,5,14,love | voice | girl
7586322489651858701,Real,0.052710094480358,6,4,9,pay | like | just
7586347958254308621,Real,0.0238227146814404,3,3,0,beautiful | love | amazing
7586613516396727574,KI,,6,4,1,beautiful | love | amazing
7586650207677418766,Real,0.0290069407367859,1656,13,5,philippines | europe | country
7586681166262996238,Real,0.0889487870619946,8,6,14,love | voice | girl
7586716314585074999,Real,0.0924574209245742,3,2,14,love | voice | girl
7586786658335427854,KI,0.0023069071112623,14,6,0,yes | hi | early
7586800922932546829,Real,0.01084375,1,1,10,feel | just | ve
7587042908138867970,KI,,19,8,14,love | voice | girl
7587127768215719182,Real,0.059047987616099,354,13,9,pay | like | just
7587143124691078413,Real,0.0524974515800203,6,4,11,try | almond | use
7587201622959279415,Real,0.1227743634767339,40,12,12,skin | kids | acne
7587215128550968631,Real,0.0629067245119305,1,1,14,love | voice | girl
7587444502495857934,Real,0.0561111111111111,12,6,0,love | voice | girl
7587551817429519630,Real,0.0431472081218274,1,1,2,like | girl | know
7587808983902211350,KI,,8,4,1,beautiful | love | amazing
7587817182038379789,Real,0.0717857142857142,36,9,1,beautiful | love | amazing
7588185393246309654,KI,,14,4,14,love | voice | girl
7588251496576322871,Real,,5,4,14,love | voice | girl
7588604253858434326,KI,,9,3,14,love | voice | girl
7588821540477685014,KI,,25,6,1,beautiful | love | amazing
7588947771042925879,Real,0.0315947843530591,3,3,1,beautiful | love | amazing
7588992707582758158,Real,0.087728804421081,394,13,12,skin | kids | acne
7589270819013086467,KI,,12,5,1,beautiful | janet | super
7589336006218812686,Real,0.0371900826446281,26,6,12,skin | kids | acne
7589379553689128247,Real,0.0437577768560763,5,5,2,like | girl | know
7589673677269093654,KI,,20,6,1,beautiful | love | amazing
7589763926422801678,Real,0.1219240506329114,343,10,10,feel | just | ve
7590008263769328918,KI,,16,8,14,love | voice | girl
7590049219319303479,Real,0.0208393216441506,10,6,5,philippines | europe | country
7590093213914893590,KI,,8,3,14,love | voice | girl
7590112776186514743,Real,0.0326282628262826,8,6,2,like | girl | know
7590157423290125582,Real,0.0380589914367269,1,1,1,beautiful | love | amazing
7590157749418347831,Real,,29,6,12,skin | kids | acne
7590435621575904526,KI,,11,7,0,yes | hi | early
7590598405882236174,Real,,20,7,14,love | voice | girl
7590964648866761998,Real,,20,6,14,love | voice | girl
7591221599076977975,Real,,19,9,9,pay | like | just
7591259656094223629,Real,,16,3,8,like | people | don
7591520190823795981,Real,,10,4,1,beautiful | love | amazing
7591557797725113630,Real,,12,5,9,pay | like | just
7591646491991674125,Real,,12,5,12,skin | kids | acne
7591973627189398797,Real,,12,6,14,love | voice | girl
7591975361504627982,Real,,20,7,14,love | voice | girl
7592475617405209870,Real,,16,7,12,skin | kids | acne
7592572134421990669,Real,,3,3,2,feel | just | ve
7592663356268416286,Real,,17,7,1,beautiful | love | amazing
7592826714384813367,Real,,6,4,2,like | girl | know
7593007556662955319,Real,,11,7,11,try | almond | use
7593100847970602253,Real,,20,8,9,pay | like | just
7593204632717987127,Real,,20,8,11,try | almond | use
7593858650725289271,Real,,4,3,14,love | voice | girl
7593958066693983543,Real,,8,6,11,try | almond | use
7594328963170831671,Real,,12,6,8,like | people | don
7594688873884552503,Real,,20,7,14,love | voice | girl
7595072279294348599,Real,,5,4,12,skin | kids | acne
7595342660613786893,Real,,16,5,11,try | almond | use
7595380944475901198,Real,,18,8,10,feel | just | ve
7595819087578598669,Real,,8,4,9,pay | like | just
7599755814374477087,KI,,2,1,0,yes | hi | early
7600111034614975774,Real,,20,7,10,feel | just | ve
7600214332198145310,Real,,4,3,11,try | almond | use
7600223514066439454,Real,,5,2,0,yes | hi | early
